file,class,type,cbo,cboModified,fanin,fanout,wmc,dit,noc,rfc,lcom,lcom*,tcc,lcc,totalMethodsQty,staticMethodsQty,publicMethodsQty,privateMethodsQty,protectedMethodsQty,defaultMethodsQty,visibleMethodsQty,abstractMethodsQty,finalMethodsQty,synchronizedMethodsQty,totalFieldsQty,staticFieldsQty,publicFieldsQty,privateFieldsQty,protectedFieldsQty,defaultFieldsQty,finalFieldsQty,synchronizedFieldsQty,nosi,loc,returnQty,loopQty,comparisonsQty,tryCatchQty,parenthesizedExpsQty,stringLiteralsQty,numbersQty,assignmentsQty,mathOperationsQty,variablesQty,maxNestedBlocksQty,anonymousClassesQty,innerClassesQty,lambdasQty,uniqueWordsQty,modifiers,logStatementsQty
./src/main/java/teammates/storage/search/SearchManagerFactory.java,teammates.storage.search.SearchManagerFactory,class,3,7,4,3,10,1,0,0,15,0.7142857,0.0,0.0,7,6,6,1,0,0,6,0,0,0,3,3,0,3,0,0,0,0,0,31,3,0,3,0,0,3,0,3,0,3,1,0,0,0,23,17,0
./src/main/java/teammates/common/datatransfer/AttributesDeletionQuery.java,teammates.common.datatransfer.AttributesDeletionQuery$Builder,innerclass,2,2,0,2,13,1,0,6,0,0.0625,0.0,0.0,8,0,7,1,0,0,7,0,0,0,2,1,0,2,0,0,1,0,0,63,7,0,5,0,0,2,0,8,0,2,0,0,0,0,42,9,0
./src/main/java/teammates/ui/request/FeedbackQuestionBasicRequest.java,teammates.ui.request.FeedbackQuestionBasicRequest,class,8,11,3,8,47,2,2,15,179,0.86231875,0.0,0.0,23,0,22,1,0,0,22,0,0,0,12,0,0,12,0,0,0,0,5,132,18,0,16,0,0,14,2,14,2,15,2,0,0,1,67,1,0
./src/main/java/teammates/common/datatransfer/attributes/InstructorAttributes.java,teammates.common.datatransfer.attributes.InstructorAttributes,class,20,49,29,20,66,5,0,50,494,0.8095238,0.0,0.0,49,5,47,2,0,0,47,0,0,0,12,0,0,12,0,0,0,0,23,404,34,0,17,0,0,0,0,69,0,27,1,0,5,9,115,17,0
./src/main/java/teammates/storage/api/InstructorsDb.java,teammates.storage.api.InstructorsDb,class,18,22,4,18,69,2,0,103,593,0.95714283,0.0,0.0,35,1,20,11,0,4,24,0,0,0,2,2,0,2,0,0,2,0,11,219,37,2,21,0,0,26,5,19,5,19,2,0,0,2,190,17,2
./src/main/java/teammates/common/util/Const.java,teammates.common.util.Const$InstructorPermissions,innerclass,0,0,0,0,0,1,0,0,0,NaN,-1.0,-1.0,0,0,0,0,0,0,0,0,0,0,8,8,8,0,0,0,8,0,0,10,0,0,0,0,0,8,0,8,0,8,0,0,0,0,23,9,0
./src/main/java/teammates/common/datatransfer/attributes/StudentAttributes.java,teammates.common.datatransfer.attributes.StudentAttributes,class,13,39,26,13,48,3,0,37,144,0.74594593,0.0,0.0,37,5,36,1,0,0,36,0,0,0,10,0,0,10,0,0,0,0,20,270,25,0,10,0,0,5,0,46,2,24,1,0,3,11,88,17,0
./src/main/java/teammates/common/exception/EntityDoesNotExistException.java,teammates.common.exception.EntityDoesNotExistException,class,0,18,18,0,1,3,0,0,0,0.0,NaN,NaN,1,0,1,0,0,0,1,0,0,0,0,0,0,0,0,0,0,0,0,5,0,0,0,0,0,1,0,0,0,0,0,0,0,0,17,1,0
./src/main/java/teammates/common/datatransfer/questions/FeedbackResponseDetails.java,teammates.common.datatransfer.questions.FeedbackResponseDetails,class,5,35,30,5,10,1,9,5,0,0.16666667,0.0,0.0,6,0,6,0,0,0,6,1,0,0,1,0,0,1,0,0,0,0,2,28,5,0,4,0,0,0,0,3,0,2,1,0,0,0,54,1025,0
./src/main/java/teammates/common/util/Templates.java,teammates.common.util.Templates,class,1,2,1,1,4,1,0,2,1,1.0,NaN,NaN,2,1,1,1,0,0,1,0,0,0,1,1,1,0,0,0,1,0,1,45,1,1,1,0,0,2,5,5,2,3,1,0,1,0,55,17,0
./src/main/java/teammates/common/datatransfer/ErrorLogEntry.java,teammates.common.datatransfer.ErrorLogEntry,class,6,8,2,6,12,1,0,20,0,0.4,0.0,0.0,5,1,5,0,0,0,5,0,0,0,3,0,0,3,0,0,3,0,3,56,4,2,4,0,0,3,1,17,0,14,3,0,0,0,42,1,0
./src/main/java/teammates/ui/output/NumberOfEntitiesToGiveFeedbackToSetting.java,teammates.ui.output.NumberOfEntitiesToGiveFeedbackToSetting,enum,0,2,2,0,0,1,0,0,0,0.0,-1.0,-1.0,0,0,0,0,0,0,0,0,0,0,0,0,0,0,0,0,0,0,0,3,0,0,0,0,0,0,0,0,0,0,0,0,0,0,27,1,0
./src/main/java/teammates/common/datatransfer/FeedbackResultFetchType.java,teammates.common.datatransfer.FeedbackResultFetchType,enum,1,5,4,1,7,1,0,1,2,0.5,0.0,0.0,4,1,3,0,0,1,4,0,0,0,2,0,0,2,0,0,2,0,0,29,6,0,1,0,0,2,0,2,0,2,1,0,0,0,47,1,0
./src/main/java/teammates/logic/api/CoursesLogicAPI.java,teammates.logic.api.CoursesLogicAPI,class,5,6,1,5,24,1,0,12,0,0.53846157,0.0,0.0,13,1,12,0,0,1,13,0,0,0,2,1,0,1,0,1,2,0,1,53,9,0,11,0,0,0,0,2,0,2,0,0,0,0,108,1,0
./src/main/java/teammates/storage/search/InstructorSearchDocument.java,teammates.storage.search.InstructorSearchDocument,class,3,4,1,3,3,2,0,9,0,0.0,0.0,0.0,2,0,0,0,0,2,2,0,0,0,1,0,0,1,0,0,1,0,1,17,1,0,1,0,0,7,0,4,1,4,0,0,0,0,23,0,0
./src/main/java/teammates/common/datatransfer/questions/FeedbackMcqQuestionDetails.java,teammates.common.datatransfer.questions.FeedbackMcqQuestionDetails,class,6,11,5,6,48,2,0,18,104,0.8761905,0.0,0.0,21,0,21,0,0,0,21,0,0,0,15,8,0,7,0,8,8,0,0,133,14,1,8,0,1,15,6,28,5,24,2,0,0,3,111,1,0
./src/main/java/teammates/ui/request/StudentUpdateRequest.java,teammates.ui.request.StudentUpdateRequest,class,2,2,0,2,15,2,0,5,2,0.625,0.0,0.0,8,0,8,0,0,0,8,0,0,0,6,0,0,6,0,0,0,0,5,42,6,0,6,0,0,6,0,6,0,6,0,0,0,0,37,1,0
./src/main/java/teammates/common/datatransfer/attributes/EntityAttributes.java,teammates.common.datatransfer.attributes.EntityAttributes,class,2,28,26,2,6,1,0,4,10,0.0,0.0,0.0,5,0,4,0,0,1,5,3,0,0,0,0,0,0,0,0,0,0,0,44,2,0,0,0,0,0,0,0,0,0,1,0,1,0,79,1025,0
./src/main/java/teammates/common/datatransfer/questions/FeedbackMcqResponseDetails.java,teammates.common.datatransfer.questions.FeedbackMcqResponseDetails,class,1,4,3,1,9,2,0,0,0,0.5,0.0,0.0,8,0,8,0,0,0,8,0,0,0,3,0,0,3,0,0,0,0,0,35,5,0,0,0,0,2,0,6,0,3,1,0,0,0,25,1,0
./src/main/java/teammates/common/exception/HttpRequestFailedException.java,teammates.common.exception.HttpRequestFailedException,class,0,0,0,0,1,3,0,0,0,0.0,NaN,NaN,1,0,1,0,0,0,1,0,0,0,0,0,0,0,0,0,0,0,0,5,0,0,0,0,0,1,0,0,0,0,0,0,0,0,15,1,0
./src/main/java/teammates/common/datatransfer/attributes/FeedbackSessionAttributes.java,teammates.common.datatransfer.attributes.FeedbackSessionAttributes$UpdateOptions,innerclass,2,2,0,2,6,2,0,1,0,0.6944444,0.0,0.0,4,0,3,1,0,0,3,0,0,0,18,0,0,18,0,0,0,0,16,69,3,0,2,0,0,20,0,18,2,18,0,0,1,0,47,9,0
./src/main/java/teammates/ui/output/FeedbackResponseData.java,teammates.ui.output.FeedbackResponseData,class,6,7,1,6,7,2,0,5,11,0.71428573,0.0,0.0,7,0,7,0,0,0,7,0,0,0,5,0,0,5,0,0,4,0,1,31,5,0,0,0,0,0,0,5,0,5,0,0,0,0,25,1,0
./src/main/java/teammates/storage/api/AccountsDb.java,teammates.storage.api.AccountsDb,class,11,14,3,11,19,2,0,33,45,0.9,0.0,0.0,10,1,5,2,0,3,8,0,0,0,1,1,0,1,0,0,1,0,2,56,9,0,6,0,0,1,0,6,1,6,1,0,0,0,84,17,1
./src/main/java/teammates/ui/constants/QuestionTypeStructures.java,teammates.ui.constants.QuestionTypeStructures,enum,22,23,1,22,4,1,0,8,4,0.5,0.0,0.0,4,2,1,2,0,1,2,0,0,0,1,0,0,1,0,0,1,0,4,20,3,0,0,0,0,14,0,3,0,3,0,0,0,0,53,1,0
./src/main/java/teammates/ui/output/FeedbackSessionLogEntryData.java,teammates.ui.output.FeedbackSessionLogEntryData,class,4,5,1,4,4,1,0,3,0,0.5,0.0,0.0,4,0,4,0,0,0,4,0,0,0,3,0,0,3,0,0,3,0,1,22,3,0,0,0,0,0,0,6,0,6,0,0,0,0,19,1,0
./src/main/java/teammates/common/util/Const.java,teammates.common.util.Const$CourseStatus,innerclass,0,0,0,0,0,1,0,0,0,NaN,-1.0,-1.0,0,0,0,0,0,0,0,0,0,0,3,3,3,0,0,0,3,0,0,5,0,0,0,0,0,3,0,3,0,3,0,0,0,0,31,9,0
./src/main/java/teammates/ui/output/ReadNotificationsData.java,teammates.ui.output.ReadNotificationsData,class,1,1,0,1,2,2,0,0,0,0.0,0.0,0.0,2,0,2,0,0,0,2,0,0,0,1,0,0,1,0,0,1,0,0,9,1,0,0,0,0,0,0,1,0,1,0,0,0,0,11,1,0
./src/main/java/teammates/ui/output/SessionResultsData.java,teammates.ui.output.SessionResultsData$ResponseOutput$Builder,innerclass,6,6,0,6,16,1,0,1,0,0.0,0.0,0.0,16,0,0,1,0,15,15,0,0,0,1,0,0,1,0,0,1,0,1,65,15,0,0,0,0,0,0,15,0,1,0,0,0,0,28,25,0
./src/main/java/teammates/storage/entity/FeedbackResponse.java,teammates.storage.entity.FeedbackResponse,class,10,14,4,10,29,2,0,4,281,0.89197534,0.0,0.0,27,1,26,1,0,0,26,0,0,0,12,0,0,12,0,0,0,0,3,105,13,0,2,0,0,1,0,21,1,12,0,0,0,0,64,1,0
./src/main/java/teammates/common/util/Const.java,teammates.common.util.Const$SecurityConfig,innerclass,0,0,0,0,0,1,0,0,0,NaN,-1.0,-1.0,0,0,0,0,0,0,0,0,0,0,2,2,2,0,0,0,2,0,0,4,0,0,0,0,0,2,0,2,0,2,0,0,0,0,20,9,0
./src/main/java/teammates/logic/external/MailgunService.java,teammates.logic.external.MailgunService,class,10,12,2,10,7,1,0,21,1,0.5,0.0,0.0,2,0,2,0,0,0,2,0,0,0,1,1,0,1,0,0,1,0,1,29,3,0,2,1,0,12,0,7,2,7,1,0,0,0,54,1,0
./src/main/java/teammates/ui/request/FeedbackQuestionUpdateRequest.java,teammates.ui.request.FeedbackQuestionUpdateRequest,class,1,1,0,1,0,3,0,0,0,0.0,-1.0,-1.0,0,0,0,0,0,0,0,0,0,0,0,0,0,0,0,0,0,0,0,2,0,0,0,0,0,0,0,0,0,0,0,0,0,0,11,1,0
./src/main/java/teammates/ui/request/FeedbackResponsesRequest.java,teammates.ui.request.FeedbackResponsesRequest$FeedbackResponseRequest,innerclass,2,2,0,2,6,2,0,2,0,0.25,0.0,0.0,4,0,4,0,0,0,4,0,0,0,2,0,0,2,0,0,0,0,0,18,2,0,2,0,0,2,0,2,0,2,0,0,0,0,27,9,0
./src/main/java/teammates/common/datatransfer/attributes/AccountRequestAttributes.java,teammates.common.datatransfer.attributes.AccountRequestAttributes$UpdateOptions$Builder,innerclass,3,3,0,3,2,2,0,0,1,0.0,NaN,NaN,2,0,1,1,0,0,1,0,0,0,0,0,0,0,0,0,0,0,0,9,1,0,0,0,0,0,0,1,0,0,0,0,0,0,8,9,0
./src/main/java/teammates/ui/output/SessionResultsData.java,teammates.ui.output.SessionResultsData$QuestionOutput,innerclass,3,3,0,3,9,1,0,0,28,0.8333333,0.0,0.0,9,0,8,1,0,0,8,0,0,0,8,0,0,8,0,0,8,0,0,40,8,0,0,0,0,0,0,8,0,8,0,0,0,0,35,9,0
./src/main/java/teammates/common/datatransfer/attributes/DeadlineExtensionAttributes.java,teammates.common.datatransfer.attributes.DeadlineExtensionAttributes$UpdateOptions$Builder,innerclass,5,5,0,5,5,2,0,2,6,0.0,0.0,0.0,4,0,2,2,0,0,2,0,0,0,0,0,0,0,0,0,0,0,2,18,2,0,1,0,0,0,0,3,0,0,0,0,0,0,15,9,0
./src/main/java/teammates/logic/api/FeedbackQuestionsLogicAPI.java,teammates.logic.api.FeedbackQuestionsLogicAPI,class,8,9,1,8,24,1,0,10,0,0.54545456,0.0,0.0,11,1,10,0,0,1,11,0,0,0,2,1,0,1,0,1,2,0,1,49,8,0,13,0,0,0,0,2,0,2,0,0,0,0,122,1,0
./src/main/java/teammates/common/datatransfer/InstructorPermissionSet.java,teammates.common.datatransfer.InstructorPermissionSet,class,1,8,7,1,49,1,0,19,15,0.65217394,0.0,0.0,23,1,19,0,0,4,23,0,0,0,8,0,0,8,0,0,0,0,8,169,24,0,9,0,1,0,2,30,16,14,1,0,0,0,54,1,0
./src/main/java/teammates/common/datatransfer/NotificationTargetUser.java,teammates.common.datatransfer.NotificationTargetUser,enum,0,10,10,0,0,1,0,0,0,0.0,-1.0,-1.0,0,0,0,0,0,0,0,0,0,0,0,0,0,0,0,0,0,0,0,4,0,0,0,0,0,0,0,0,0,0,0,0,0,0,23,1,0
./src/main/java/teammates/ui/output/FeedbackQuestionsData.java,teammates.ui.output.FeedbackQuestionsData,class,3,3,0,3,4,2,0,7,0,0.0,0.0,0.0,3,0,3,0,0,0,3,0,0,0,1,0,0,1,0,0,0,0,1,14,1,1,0,0,0,0,2,2,1,2,1,0,0,0,29,1,0
./src/main/java/teammates/ui/output/EnrollStudentsData.java,teammates.ui.output.EnrollStudentsData,class,3,3,0,3,5,2,0,0,0,0.4,0.0,0.0,5,0,5,0,0,0,5,0,0,0,2,0,0,2,0,0,0,0,0,40,2,0,0,0,0,0,0,4,0,2,0,0,1,0,18,1,0
./src/main/java/teammates/logic/api/TaskQueuer.java,teammates.logic.api.TaskQueuer,class,9,10,1,9,21,1,0,17,118,0.9166667,0.0,0.0,16,1,12,2,0,2,14,0,0,0,3,2,0,3,0,0,3,0,4,112,2,1,1,1,0,11,6,25,4,24,1,0,0,0,139,1,0
./src/main/java/teammates/ui/request/FeedbackResponsesRequest.java,teammates.ui.request.FeedbackResponsesRequest,class,2,2,0,2,4,3,0,4,0,0.25,0.0,0.0,4,0,4,0,0,0,4,0,0,0,1,0,0,1,0,0,0,0,1,32,2,0,0,0,0,0,0,2,0,1,0,0,1,0,17,1,0
./src/main/java/teammates/common/util/Const.java,teammates.common.util.Const$ParamsNames,innerclass,0,0,0,0,0,1,0,0,0,NaN,-1.0,-1.0,0,0,0,0,0,0,0,0,0,0,62,62,62,0,0,0,62,0,0,64,0,0,0,0,0,62,0,62,0,62,0,0,0,0,34,9,0
./src/main/java/teammates/storage/search/SearchManagerStarter.java,teammates.storage.search.SearchManagerStarter,class,6,6,0,6,2,1,0,3,1,0.0,0.0,0.0,2,0,2,0,0,0,2,0,0,0,0,0,0,0,0,0,0,0,3,9,0,0,0,0,0,0,0,0,0,0,0,0,0,0,23,1,0
./src/main/java/teammates/logic/external/FirebaseAuthService.java,teammates.logic.external.FirebaseAuthService,class,6,7,1,6,4,1,0,16,0,0.0,0.0,0.0,2,0,2,0,0,0,2,0,0,0,1,1,0,1,0,0,1,0,2,25,2,0,0,2,0,3,0,4,2,4,1,0,0,0,50,1,1
./src/main/java/teammates/common/util/JsonUtils.java,teammates.common.util.JsonUtils$FeedbackQuestionDetailsAdapter,innerclass,7,7,0,7,2,1,0,8,1,0.0,0.0,0.0,2,0,2,0,0,0,2,0,0,0,0,0,0,0,0,0,0,0,1,9,2,0,0,0,0,1,0,1,0,1,0,0,0,0,14,10,0
./src/main/java/teammates/storage/search/SearchManager.java,teammates.storage.search.SearchManager,class,12,19,7,12,35,1,0,37,46,0.8416666,0.0,0.0,12,0,3,1,0,8,11,4,0,0,10,8,0,10,0,0,10,0,12,144,11,1,9,4,0,56,6,23,5,23,2,0,0,1,128,1024,0
./src/main/java/teammates/storage/entity/CourseStudent.java,teammates.storage.entity.CourseStudent,class,10,14,4,10,31,2,0,19,265,0.8916084,0.0,0.0,26,1,24,2,0,0,24,0,0,0,11,0,0,11,0,0,0,0,4,103,13,0,5,0,0,2,0,13,2,13,0,0,0,0,68,1,0
./src/main/java/teammates/storage/entity/FeedbackQuestion.java,teammates.storage.entity.FeedbackQuestion,class,11,15,4,11,38,2,0,8,446,0.91313136,0.0,0.0,33,0,32,1,0,0,32,0,0,0,15,0,0,15,0,0,0,0,2,130,15,0,5,0,0,3,2,32,1,16,0,0,0,0,57,1,0
./src/main/java/teammates/logic/core/DeadlineExtensionsLogic.java,teammates.logic.core.DeadlineExtensionsLogic,class,9,15,6,9,15,1,0,18,0,0.55,0.0,0.0,10,1,9,1,0,0,9,0,0,0,2,1,0,2,0,0,2,0,3,40,6,0,3,0,0,0,0,3,0,3,1,0,0,0,93,17,0
./src/main/java/teammates/common/datatransfer/questions/FeedbackRankQuestionDetails.java,teammates.common.datatransfer.questions.FeedbackRankQuestionDetails,class,2,4,2,2,7,2,2,0,7,0.61904764,0.0,0.0,7,0,6,0,0,1,7,0,0,0,3,0,0,0,0,3,0,0,0,28,3,0,0,0,0,0,0,5,0,3,0,0,0,0,30,1025,0
./src/main/java/teammates/common/util/FileHelper.java,teammates.common.util.FileHelper,class,1,9,8,1,3,1,0,6,3,0.0,0.0,0.0,3,2,2,1,0,0,2,0,0,0,0,0,0,0,0,0,0,0,2,12,2,0,0,1,0,1,0,1,0,1,1,0,0,0,26,17,0
./src/main/java/teammates/ui/constants/DefaultInstructorPermissions.java,teammates.ui.constants.DefaultInstructorPermissions,enum,5,6,1,5,3,1,0,4,1,0.33333334,0.0,0.0,3,1,1,1,0,1,2,0,0,0,1,0,0,1,0,0,1,0,6,11,2,0,0,0,0,2,0,1,0,1,0,0,0,0,30,1,0
./src/main/java/teammates/common/datatransfer/attributes/DeadlineExtensionAttributes.java,teammates.common.datatransfer.attributes.DeadlineExtensionAttributes$UpdateOptions,innerclass,2,2,0,2,11,2,0,3,10,0.75,0.0,0.0,8,0,7,1,0,0,7,0,0,0,7,0,0,7,0,0,4,0,3,57,7,0,3,0,0,6,0,7,2,7,0,0,1,0,38,9,0
./src/main/java/teammates/logic/core/FeedbackResponsesLogic.java,teammates.logic.core.FeedbackResponsesLogic,class,31,42,11,31,196,1,0,177,478,0.82993203,0.0,0.0,49,1,29,14,0,6,35,0,0,0,6,1,0,6,0,0,2,0,29,609,54,28,33,5,3,8,1,103,1,90,4,0,1,1,276,17,0
./src/main/java/teammates/common/datatransfer/InstructorPrivileges.java,teammates.common.datatransfer.InstructorPrivileges,class,3,14,11,3,74,1,0,89,520,0.9181184,0.0,0.0,41,3,25,10,0,6,32,0,0,0,14,11,0,14,0,0,14,0,15,323,32,12,1,0,1,0,2,34,6,38,4,0,0,6,126,17,0
./src/main/java/teammates/common/util/FieldValidator.java,teammates.common.util.FieldValidator,class,8,22,14,8,131,1,0,70,868,0.973615,0.0,0.0,44,43,31,10,0,3,34,0,0,0,87,87,87,0,0,0,87,0,93,435,87,3,28,2,2,151,21,110,31,124,2,0,0,8,361,17,0
./src/main/java/teammates/logic/external/EmptyAuthService.java,teammates.logic.external.EmptyAuthService,class,1,2,1,1,1,1,0,0,0,0.0,NaN,NaN,1,0,1,0,0,0,1,0,0,0,0,0,0,0,0,0,0,0,0,5,1,0,0,0,0,1,0,0,0,0,0,0,0,0,14,1,0
./src/main/java/teammates/common/datatransfer/attributes/FeedbackQuestionAttributes.java,teammates.common.datatransfer.attributes.FeedbackQuestionAttributes,class,15,42,27,15,104,3,0,54,486,0.8050595,0.0,0.0,48,4,46,2,0,0,46,0,0,0,14,0,0,14,0,0,0,0,8,454,56,0,40,0,9,13,12,71,23,30,2,0,3,9,150,17,0
./src/main/java/teammates/ui/output/OngoingSession.java,teammates.ui.output.OngoingSession,class,7,9,2,7,16,1,0,21,22,0.77777773,0.0,0.0,9,0,8,1,0,0,8,0,0,0,7,0,0,7,0,0,7,0,4,62,8,0,1,0,0,8,0,10,0,9,1,0,0,0,42,1,0
./src/main/java/teammates/common/datatransfer/logs/FeedbackSessionLogType.java,teammates.common.datatransfer.logs.FeedbackSessionLogType,enum,2,4,2,2,5,1,0,2,0,0.0,0.0,0.0,3,1,2,0,0,1,3,0,0,0,1,0,0,1,0,0,1,0,1,16,3,1,0,0,0,3,0,1,0,1,2,0,0,0,41,1,0
./src/main/java/teammates/storage/api/FeedbackQuestionsDb.java,teammates.storage.api.FeedbackQuestionsDb,class,12,15,3,12,39,2,0,73,153,0.9444444,0.0,0.0,18,1,9,6,0,3,12,0,0,0,1,1,0,1,0,0,1,0,2,103,16,0,17,0,0,16,1,7,1,6,1,0,0,1,106,17,1
./src/main/java/teammates/logic/external/MailjetService.java,teammates.logic.external.MailjetService,class,10,12,2,10,7,1,0,22,1,0.0,0.0,0.0,2,0,2,0,0,0,2,0,0,0,0,0,0,0,0,0,0,0,0,29,2,0,2,1,0,3,0,4,0,4,1,0,0,0,38,1,0
./src/main/java/teammates/ui/request/InvalidHttpRequestBodyException.java,teammates.ui.request.InvalidHttpRequestBodyException,class,1,3,2,1,2,3,0,1,1,0.0,0.0,0.0,2,0,2,0,0,0,2,0,0,0,0,0,0,0,0,0,0,0,0,8,0,0,0,0,0,0,0,0,0,0,0,0,0,0,32,1,0
./src/main/java/teammates/logic/core/UsageStatisticsLogic.java,teammates.logic.core.UsageStatisticsLogic,class,10,13,3,10,6,1,0,20,11,0.69047624,0.0,0.0,6,1,4,1,0,1,5,0,0,0,7,1,0,7,0,0,2,0,7,35,4,0,0,0,0,0,1,12,0,12,0,0,0,0,68,17,0
./src/main/java/teammates/ui/output/RegenerateKeyData.java,teammates.ui.output.RegenerateKeyData,class,1,1,0,1,3,2,0,0,0,0.33333334,0.0,0.0,3,0,3,0,0,0,3,0,0,0,2,0,0,2,0,0,2,0,0,14,2,0,0,0,0,0,0,2,0,2,0,0,0,0,21,1,0
./src/main/java/teammates/storage/entity/FeedbackResponseComment.java,teammates.storage.entity.FeedbackResponseComment,class,9,12,3,9,40,2,0,1,497,0.9159664,0.0,0.0,35,0,34,1,0,0,34,0,0,0,17,0,0,17,0,0,0,0,1,142,18,0,5,0,0,1,0,35,0,17,1,0,0,0,115,1,0
./src/main/java/teammates/storage/search/AccountRequestSearchManager.java,teammates.storage.search.AccountRequestSearchManager,class,7,10,3,7,6,2,0,11,15,0.8333333,0.0,0.0,6,0,2,0,0,4,6,0,0,0,1,0,0,1,0,0,1,0,2,25,4,0,0,0,0,3,0,5,0,5,0,0,0,1,46,1,0
./src/main/java/teammates/common/util/Const.java,teammates.common.util.Const,class,1,1,0,1,2,1,0,2,0,1.0,NaN,NaN,1,0,0,1,0,0,1,0,0,0,26,26,26,0,0,0,26,0,8,289,0,0,0,0,0,14,10,26,0,26,0,0,12,0,46,17,0
./src/main/java/teammates/ui/request/CourseCreateRequest.java,teammates.ui.request.CourseCreateRequest,class,2,2,0,2,4,3,0,2,0,0.0,0.0,0.0,3,0,3,0,0,0,3,0,0,0,1,0,0,1,0,0,0,0,0,13,1,0,1,0,0,1,0,1,0,1,0,0,0,0,24,1,0
./src/main/java/teammates/ui/output/FeedbackSessionsData.java,teammates.ui.output.FeedbackSessionsData,class,3,3,0,3,2,2,0,4,0,0.0,0.0,0.0,2,0,2,0,0,0,2,0,0,0,1,0,0,1,0,0,1,0,1,9,1,0,0,0,0,0,0,1,0,1,0,0,0,0,19,1,0
./src/main/java/teammates/common/datatransfer/attributes/CourseAttributes.java,teammates.common.datatransfer.attributes.CourseAttributes$Builder,innerclass,4,4,0,4,2,2,0,1,0,0.0,NaN,NaN,2,0,1,1,0,0,1,0,0,0,1,0,0,1,0,0,1,0,0,12,1,0,0,0,0,0,0,2,0,1,0,0,0,0,12,9,0
./src/main/java/teammates/common/util/JsonUtils.java,teammates.common.util.JsonUtils$FeedbackResponseDetailsAdapter,innerclass,7,7,0,7,2,1,0,8,1,0.0,0.0,0.0,2,0,2,0,0,0,2,0,0,0,0,0,0,0,0,0,0,0,1,9,2,0,0,0,0,1,0,1,0,1,0,0,0,0,15,10,0
./src/main/java/teammates/common/datatransfer/NotificationStyle.java,teammates.common.datatransfer.NotificationStyle,enum,0,7,7,0,0,1,0,0,0,0.0,-1.0,-1.0,0,0,0,0,0,0,0,0,0,0,0,0,0,0,0,0,0,0,0,9,0,0,0,0,0,0,0,0,0,0,0,0,0,0,32,1,0
./src/main/java/teammates/common/datatransfer/attributes/UsageStatisticsAttributes.java,teammates.common.datatransfer.attributes.UsageStatisticsAttributes$Builder,innerclass,2,2,0,2,11,1,0,2,0,0.0,0.0,0.0,9,0,8,1,0,0,8,0,0,0,1,0,0,1,0,0,1,0,1,39,8,0,0,0,0,0,1,8,0,1,0,0,0,0,41,9,0
./src/main/java/teammates/common/datatransfer/attributes/DeadlineExtensionAttributes.java,teammates.common.datatransfer.attributes.DeadlineExtensionAttributes$Builder,innerclass,4,4,0,4,2,2,0,1,0,0.0,NaN,NaN,2,0,1,1,0,0,1,0,0,0,1,0,0,1,0,0,1,0,0,12,1,0,0,0,0,0,0,2,0,1,0,0,0,0,14,9,0
./src/main/java/teammates/common/datatransfer/attributes/FeedbackSessionAttributes.java,teammates.common.datatransfer.attributes.FeedbackSessionAttributes$Builder,innerclass,4,4,0,4,4,2,0,1,0,0.0,0.0,0.0,3,0,2,1,0,0,2,0,0,0,1,0,0,1,0,0,1,0,0,17,2,0,1,0,0,0,0,3,0,1,0,0,0,0,20,9,0
./src/main/java/teammates/storage/search/StudentSearchDocument.java,teammates.storage.search.StudentSearchDocument,class,3,4,1,3,3,2,0,9,0,0.0,0.0,0.0,2,0,0,0,0,2,2,0,0,0,1,0,0,1,0,0,1,0,1,17,1,0,1,0,0,6,0,4,0,4,0,0,0,0,23,0,0
./src/main/java/teammates/ui/request/Intent.java,teammates.ui.request.Intent,enum,0,0,0,0,0,1,0,0,0,0.0,-1.0,-1.0,0,0,0,0,0,0,0,0,0,0,0,0,0,0,0,0,0,0,0,6,0,0,0,0,0,0,0,0,0,0,0,0,0,0,26,1,0
./src/main/java/teammates/ui/output/FeedbackSessionStatsData.java,teammates.ui.output.FeedbackSessionStatsData,class,1,1,0,1,3,2,0,0,0,0.33333334,0.0,0.0,3,0,3,0,0,0,3,0,0,0,2,0,0,2,0,0,2,0,0,14,2,0,0,0,0,0,0,2,0,2,0,0,0,0,17,1,0
./src/main/java/teammates/common/datatransfer/attributes/FeedbackResponseAttributes.java,teammates.common.datatransfer.attributes.FeedbackResponseAttributes$BasicBuilder,innerclass,6,6,0,6,8,1,0,3,0,0.3,0.0,0.0,5,0,4,0,0,1,5,1,0,0,2,0,0,0,0,2,0,0,3,23,3,0,3,0,0,0,0,4,0,2,0,0,0,0,30,1034,0
./src/main/java/teammates/ui/output/SendLoginEmailResponseData.java,teammates.ui.output.SendLoginEmailResponseData,class,1,1,0,1,3,2,0,0,0,0.33333334,0.0,0.0,3,0,3,0,0,0,3,0,0,0,2,0,0,2,0,0,2,0,0,14,2,0,0,0,0,0,0,2,0,2,0,0,0,0,19,1,0
./src/main/java/teammates/common/datatransfer/questions/FeedbackQuestionType.java,teammates.common.datatransfer.questions.FeedbackQuestionType,enum,18,30,12,18,3,1,0,0,0,0.33333334,0.0,0.0,3,0,2,0,0,1,3,0,0,0,2,0,0,2,0,0,2,0,0,13,2,0,0,0,0,0,0,2,0,2,0,0,0,0,35,1,0
./src/main/java/teammates/ui/request/NotificationCreateRequest.java,teammates.ui.request.NotificationCreateRequest,class,1,1,0,1,0,3,0,0,0,0.0,-1.0,-1.0,0,0,0,0,0,0,0,0,0,0,0,0,0,0,0,0,0,0,0,2,0,0,0,0,0,0,0,0,0,0,0,0,0,0,8,1,0
./src/main/java/teammates/common/datatransfer/questions/FeedbackQuestionDetails.java,teammates.common.datatransfer.questions.FeedbackQuestionDetails,class,7,28,21,7,27,1,8,8,117,0.75,0.0,0.0,18,0,16,0,2,0,18,4,0,0,2,0,0,2,0,0,0,0,2,61,12,0,9,0,0,2,0,7,0,4,1,0,0,0,137,1025,0
./src/main/java/teammates/storage/entity/UsageStatistics.java,teammates.storage.entity.UsageStatistics,class,7,11,4,7,13,2,0,2,52,0.83076924,0.0,0.0,13,1,12,1,0,0,12,0,0,0,10,0,0,10,0,0,0,0,1,59,11,0,0,0,0,2,0,10,1,10,0,0,0,0,54,1,0
./src/main/java/teammates/logic/api/NotificationsLogicAPI.java,teammates.logic.api.NotificationsLogicAPI,class,5,6,1,5,9,1,0,7,0,0.5625,0.0,0.0,8,1,7,0,0,1,8,0,0,0,2,1,0,1,0,1,2,0,1,28,6,0,1,0,0,0,0,2,0,2,0,0,0,0,69,1,0
./src/main/java/teammates/common/exception/EntityAlreadyExistsException.java,teammates.common.exception.EntityAlreadyExistsException,class,0,4,4,0,1,3,0,0,0,0.0,NaN,NaN,1,0,1,0,0,0,1,0,0,0,0,0,0,0,0,0,0,0,0,5,0,0,0,0,0,1,0,0,0,0,0,0,0,0,14,1,0
./src/main/java/teammates/storage/api/FeedbackResponseCommentsDb.java,teammates.storage.api.FeedbackResponseCommentsDb,class,13,16,3,13,69,2,0,79,433,0.95,0.0,0.0,30,1,15,12,0,3,18,0,0,0,2,2,0,2,0,0,2,0,3,187,28,6,25,0,0,30,0,18,2,14,1,0,0,0,136,17,2
./src/main/java/teammates/common/util/RequestTracer.java,teammates.common.util.RequestTracer$RequestTrace,innerclass,0,0,0,0,1,1,0,3,0,0.0,-1.0,-1.0,1,0,0,1,0,0,0,0,0,0,4,0,0,4,0,0,4,0,2,12,0,0,0,0,0,0,0,4,0,4,0,0,0,0,10,10,0
./src/main/java/teammates/common/datatransfer/attributes/StudentAttributes.java,teammates.common.datatransfer.attributes.StudentAttributes$BasicBuilder,innerclass,5,5,0,5,11,1,0,1,0,0.21428573,0.0,0.0,7,0,6,0,0,1,7,1,0,0,2,0,0,0,0,2,0,0,5,32,5,0,4,0,0,0,0,6,0,2,0,0,0,0,33,1034,0
./src/main/java/teammates/logic/api/RecaptchaVerifier.java,teammates.logic.api.RecaptchaVerifier,class,4,5,1,4,4,1,0,1,1,0.5,0.0,0.0,3,1,2,0,0,1,3,0,0,0,2,1,0,2,0,0,2,0,0,18,2,0,0,0,0,0,0,3,0,2,1,0,0,0,29,1,0
./src/main/java/teammates/ui/output/AuthInfo.java,teammates.ui.output.AuthInfo,class,3,3,0,3,8,2,0,0,2,0.625,0.0,0.0,8,0,8,0,0,0,8,0,0,0,6,0,0,6,0,0,6,0,0,42,6,0,0,0,0,0,0,12,0,6,0,0,0,0,24,1,0
./src/main/java/teammates/common/datatransfer/logs/LogSeverity.java,teammates.common.datatransfer.logs.LogSeverity,enum,0,7,7,0,2,1,0,0,0,0.0,0.0,0.0,2,0,1,0,0,1,2,0,0,0,1,0,0,1,0,0,1,0,0,8,1,0,0,0,0,0,6,1,0,1,0,0,0,0,22,1,0
./src/main/java/teammates/ui/servlets/LegacyUrlMapper.java,teammates.ui.servlets.LegacyUrlMapper,class,7,7,0,7,11,2,0,14,0,0.0,NaN,NaN,1,0,1,0,0,0,1,0,0,0,1,1,0,1,0,0,1,0,9,68,0,0,0,0,0,7,1,33,2,7,1,0,0,0,43,1,0
./src/main/java/teammates/common/datatransfer/attributes/NotificationAttributes.java,teammates.common.datatransfer.attributes.NotificationAttributes$UpdateOptions$Builder,innerclass,3,3,0,3,4,2,0,0,3,0.0,NaN,NaN,3,0,1,2,0,0,1,0,0,0,0,0,0,0,0,0,0,0,0,14,1,0,1,0,0,0,0,2,0,0,0,0,0,0,11,9,0
./src/main/java/teammates/ui/output/SessionResultsData.java,teammates.ui.output.SessionResultsData$CommentOutput,innerclass,4,4,0,4,4,3,0,0,6,0.75,0.0,0.0,4,1,2,1,0,1,3,0,0,0,2,0,0,2,0,0,0,0,0,41,3,0,0,0,0,0,0,0,0,2,0,0,1,0,24,9,0
./src/main/java/teammates/ui/output/RegkeyValidityData.java,teammates.ui.output.RegkeyValidityData,class,1,1,0,1,4,2,0,0,0,0.5,0.0,0.0,4,0,4,0,0,0,4,0,0,0,3,0,0,3,0,0,3,0,0,19,3,0,0,0,0,0,0,3,0,3,0,0,0,0,38,1,0
./src/main/java/teammates/common/util/SanitizationHelper.java,teammates.common.util.SanitizationHelper,class,4,22,18,4,12,1,0,16,36,0.8888889,0.0,0.0,9,8,8,1,0,0,8,0,0,0,1,1,0,1,0,0,0,0,6,38,11,0,3,0,0,68,0,1,0,1,1,0,0,0,103,17,0
./src/main/java/teammates/ui/output/InstructorPrivilegeData.java,teammates.ui.output.InstructorPrivilegeData,class,2,2,0,2,2,2,0,0,0,0.0,0.0,0.0,2,0,2,0,0,0,2,0,0,0,1,0,0,1,0,0,1,0,0,9,1,0,0,0,0,0,0,1,0,1,0,0,0,0,14,1,0
./src/main/java/teammates/common/util/JsonUtils.java,teammates.common.util.JsonUtils$DurationMinutesAdapter,innerclass,6,6,0,6,2,1,0,3,1,0.0,0.0,0.0,2,0,2,0,0,0,2,0,0,0,0,0,0,0,0,0,0,0,1,12,2,0,0,0,0,0,0,0,0,0,1,0,0,0,13,10,0
./src/main/java/teammates/ui/request/FeedbackSessionRespondentRemindRequest.java,teammates.ui.request.FeedbackSessionRespondentRemindRequest,class,1,1,0,1,7,2,0,1,2,0.5,0.0,0.0,5,0,5,0,0,0,5,0,0,0,2,0,0,2,0,0,0,0,0,20,2,0,2,0,0,2,1,2,0,2,0,0,0,0,37,1,0
./src/main/java/teammates/ui/output/InstructorsData.java,teammates.ui.output.InstructorsData,class,3,3,0,3,4,2,0,4,0,0.0,0.0,0.0,4,0,4,0,0,0,4,0,0,0,1,0,0,1,0,0,0,0,1,15,1,0,0,0,0,0,0,3,0,1,0,0,0,0,19,1,0
./src/main/java/teammates/logic/api/Logic.java,teammates.logic.api.Logic,class,14,15,1,14,41,1,0,26,116,0.88124996,0.0,0.0,20,1,19,0,0,1,20,0,0,0,8,1,0,1,0,7,8,0,7,90,13,0,19,0,0,0,0,8,0,8,0,0,0,0,152,1,0
./src/main/java/teammates/ui/output/FeedbackQuestionData.java,teammates.ui.output.FeedbackQuestionData,class,12,16,4,12,32,2,0,28,102,0.8733031,0.0,0.0,17,0,16,1,0,0,16,0,0,0,13,0,0,13,0,0,8,0,5,121,20,0,5,0,5,1,2,19,1,16,2,0,0,1,67,1,0
./src/main/java/teammates/common/datatransfer/logs/RequestLogDetails.java,teammates.common.datatransfer.logs.RequestLogDetails,class,3,6,3,3,29,2,0,1,332,0.9148353,0.0,0.0,28,0,28,0,0,0,28,0,0,0,13,0,0,13,0,0,0,0,0,105,13,0,1,0,0,1,2,18,0,13,1,0,0,0,43,1,0
./src/main/java/teammates/ui/output/UsageStatisticsRangeData.java,teammates.ui.output.UsageStatisticsRangeData,class,3,3,0,3,2,2,0,4,0,0.0,0.0,0.0,2,0,2,0,0,0,2,0,0,0,1,0,0,1,0,0,1,0,1,9,1,0,0,0,0,0,0,1,0,1,0,0,0,0,20,1,0
./src/main/java/teammates/ui/request/FeedbackQuestionCreateRequest.java,teammates.ui.request.FeedbackQuestionCreateRequest,class,1,1,0,1,0,3,0,0,0,0.0,-1.0,-1.0,0,0,0,0,0,0,0,0,0,0,0,0,0,0,0,0,0,0,0,2,0,0,0,0,0,0,0,0,0,0,0,0,0,0,11,1,0
./src/main/java/teammates/ui/output/FeedbackSessionData.java,teammates.ui.output.FeedbackSessionData,class,10,13,3,10,56,2,0,47,793,0.9383215,0.0,0.0,43,0,41,2,0,0,41,0,0,0,23,0,0,23,0,0,8,0,9,228,23,0,3,0,0,0,1,49,0,31,1,0,0,4,91,1,0
./src/main/java/teammates/common/util/TimeHelper.java,teammates.common.util.TimeHelper,class,1,10,9,1,24,1,0,22,45,0.0,0.0,0.0,10,9,9,1,0,0,9,0,0,0,0,0,0,0,0,0,0,0,15,63,13,0,10,1,0,5,8,11,0,8,1,0,0,0,160,17,0
./src/main/java/teammates/ui/output/FeedbackResponseCommentData.java,teammates.ui.output.FeedbackResponseCommentData,class,5,9,4,5,18,2,2,15,44,0.8240741,0.0,0.0,12,0,11,1,0,0,11,0,0,0,9,0,0,7,0,2,0,0,1,75,18,0,0,0,0,1,0,9,1,10,2,0,0,1,51,1,0
./src/main/java/teammates/ui/request/MarkNotificationAsReadRequest.java,teammates.ui.request.MarkNotificationAsReadRequest,class,1,1,0,1,6,2,0,1,0,0.25,0.0,0.0,4,0,4,0,0,0,4,0,0,0,2,0,0,2,0,0,0,0,0,18,2,0,1,0,0,2,1,2,0,2,0,0,0,0,35,1,0
./src/main/java/teammates/common/datatransfer/attributes/FeedbackQuestionAttributes.java,teammates.common.datatransfer.attributes.FeedbackQuestionAttributes$Builder,innerclass,4,4,0,4,6,2,0,2,0,0.0,0.0,0.0,4,0,3,1,0,0,3,0,0,0,1,0,0,1,0,0,1,0,0,23,3,0,2,0,0,1,0,4,0,1,0,0,0,0,19,9,0
./src/main/java/teammates/logic/external/EmptyRecaptchaService.java,teammates.logic.external.EmptyRecaptchaService,class,1,2,1,1,1,1,0,0,0,0.0,NaN,NaN,1,0,1,0,0,0,1,0,0,0,0,0,0,0,0,0,0,0,0,5,1,0,0,0,0,0,0,0,0,0,0,0,0,0,20,1,0
./src/main/java/teammates/logic/external/SendgridService.java,teammates.logic.external.SendgridService,class,12,14,2,12,7,1,0,25,1,0.0,0.0,0.0,2,0,2,0,0,0,2,0,0,0,0,0,0,0,0,0,0,0,0,39,2,0,2,1,0,3,0,8,0,7,1,0,0,0,39,1,0
./src/main/java/teammates/common/datatransfer/UserInfo.java,teammates.common.datatransfer.UserInfo,class,0,2,2,0,6,1,0,0,13,0.79999995,0.0,0.0,6,0,6,0,0,0,6,0,0,0,5,0,5,0,0,0,0,0,0,25,5,0,0,0,0,0,0,1,0,5,0,0,0,0,33,1,0
./src/main/java/teammates/storage/entity/Course.java,teammates.storage.entity.Course,class,7,11,4,7,16,2,0,8,67,0.8214286,0.0,0.0,14,0,13,1,0,0,13,0,0,0,6,0,0,6,0,0,0,0,1,64,6,0,2,0,0,1,0,6,0,6,1,0,0,0,26,1,0
./src/main/java/teammates/logic/api/FeedbackResponsesLogicAPI.java,teammates.logic.api.FeedbackResponsesLogicAPI,class,10,11,1,10,29,1,0,14,0,0.53846157,0.0,0.0,13,1,12,0,0,1,13,0,0,0,2,1,0,1,0,1,2,0,1,58,11,0,16,0,0,0,0,2,0,2,0,0,0,0,123,1,0
./src/main/java/teammates/common/datatransfer/attributes/AccountAttributes.java,teammates.common.datatransfer.attributes.AccountAttributes$BasicBuilder,innerclass,5,5,0,5,3,1,0,1,1,0.5,0.0,0.0,3,0,2,0,0,1,3,1,0,0,2,0,0,0,0,2,0,0,1,12,1,0,0,0,0,0,0,2,0,2,0,0,0,0,23,1034,0
./src/main/java/teammates/logic/core/LogicStarter.java,teammates.logic.core.LogicStarter,class,15,16,1,15,3,1,0,25,3,0.6666667,0.0,0.0,3,1,3,0,0,0,3,0,0,0,1,1,0,1,0,0,1,0,13,33,0,0,0,0,0,1,0,12,0,12,0,0,0,0,52,1,1
./src/main/java/teammates/common/datatransfer/DataBundle.java,teammates.common.datatransfer.DataBundle,class,11,13,2,11,0,1,0,0,0,NaN,-1.0,-1.0,0,0,0,0,0,0,0,0,0,0,11,0,11,0,0,0,0,0,0,13,0,0,0,0,0,0,0,11,0,11,0,0,0,0,33,1,0
./src/main/java/teammates/ui/output/MessageOutput.java,teammates.ui.output.MessageOutput,class,1,1,0,1,2,2,0,0,0,0.0,0.0,0.0,2,0,2,0,0,0,2,0,0,0,1,0,0,1,0,0,1,0,0,9,1,0,0,0,0,0,0,1,0,1,0,0,0,0,9,1,0
./src/main/java/teammates/common/datatransfer/questions/FeedbackContributionQuestionDetails.java,teammates.common.datatransfer.questions.FeedbackContributionQuestionDetails,class,16,19,3,16,61,2,0,65,121,0.877193,0.0,0.0,19,0,13,6,0,0,13,0,0,0,9,7,0,5,0,4,7,0,6,274,16,15,18,0,3,21,19,89,8,79,4,0,2,4,161,1,0
./src/main/java/teammates/common/datatransfer/attributes/DeadlineExtensionAttributes.java,teammates.common.datatransfer.attributes.DeadlineExtensionAttributes,class,10,19,9,10,27,3,0,29,83,0.7272727,0.0,0.0,22,4,21,1,0,0,21,0,0,0,8,0,0,8,0,0,0,0,10,200,20,0,4,0,1,6,0,24,3,15,1,0,3,3,75,17,0
./src/main/java/teammates/ui/output/FeedbackSessionLogsData.java,teammates.ui.output.FeedbackSessionLogsData,class,5,5,0,5,2,2,0,8,0,0.0,0.0,0.0,2,0,2,0,0,0,2,0,0,0,1,0,0,1,0,0,1,0,1,14,2,0,0,0,0,0,0,3,0,4,1,0,0,1,26,1,0
./src/main/java/teammates/storage/entity/FeedbackSession.java,teammates.storage.entity.FeedbackSession,class,9,13,4,9,48,2,0,1,894,0.91757244,0.0,0.0,48,1,47,1,0,0,47,0,0,0,23,0,0,23,0,0,0,0,1,190,24,0,0,0,0,26,0,45,2,23,0,0,0,0,66,1,0
./src/main/java/teammates/logic/api/LogsProcessor.java,teammates.logic.api.LogsProcessor,class,10,11,1,10,9,1,0,17,3,0.5833333,0.0,0.0,6,1,5,0,0,1,6,0,0,0,2,1,0,2,0,0,2,0,1,41,4,1,0,0,0,1,3,10,1,7,2,0,0,0,76,1,0
./src/main/java/teammates/logic/external/AuthService.java,teammates.logic.external.AuthService,interface,0,3,3,0,1,1,0,0,0,0.0,NaN,NaN,1,0,0,0,0,1,1,0,0,0,0,0,0,0,0,0,0,0,0,3,0,0,0,0,0,0,0,0,0,0,0,0,0,0,31,1,0
./src/main/java/teammates/common/util/JsonUtils.java,teammates.common.util.JsonUtils,class,16,42,26,16,10,1,0,8,36,0.0,0.0,0.0,9,8,7,2,0,0,7,0,0,0,0,0,0,0,0,0,0,0,6,106,7,0,0,0,0,0,0,1,0,1,1,0,6,0,85,17,0
./src/main/java/teammates/common/util/HttpRequestHelper.java,teammates.common.util.HttpRequestHelper,class,4,7,3,4,9,1,0,25,10,0.0,0.0,0.0,5,4,2,1,0,2,4,0,0,0,0,0,0,0,0,0,0,0,4,46,6,0,3,1,0,2,5,5,0,12,2,0,0,6,52,17,0
./src/main/java/teammates/common/exception/AuthException.java,teammates.common.exception.AuthException,class,0,1,1,0,1,3,0,0,0,0.0,NaN,NaN,1,0,1,0,0,0,1,0,0,0,0,0,0,0,0,0,0,0,0,5,0,0,0,0,0,0,0,0,0,0,0,0,0,0,12,1,0
./src/main/java/teammates/storage/api/FeedbackResponsesDb.java,teammates.storage.api.FeedbackResponsesDb,class,15,18,3,15,79,2,0,82,496,0.96875,0.0,0.0,32,1,19,10,0,3,22,0,0,0,1,1,0,1,0,0,1,0,5,192,31,1,34,0,0,34,3,17,0,16,2,0,0,4,164,17,1
./src/main/java/teammates/storage/api/UsageStatisticsDb.java,teammates.storage.api.UsageStatisticsDb,class,6,8,2,6,7,2,0,14,15,0.8333333,0.0,0.0,6,1,2,1,0,3,5,0,0,0,1,1,0,1,0,0,1,0,1,23,5,0,1,0,0,2,0,3,0,3,0,0,0,0,44,17,0
./src/main/java/teammates/ui/servlets/OAuth2CallbackServlet.java,teammates.ui.servlets.OAuth2CallbackServlet$AuthResult,innerclass,0,0,0,0,1,1,0,0,0,0.0,-1.0,-1.0,1,0,0,1,0,0,0,0,0,0,2,0,0,2,0,0,2,0,0,8,0,0,0,0,0,0,0,2,0,2,0,0,0,0,5,10,0
./src/main/java/teammates/logic/core/FeedbackSessionsLogic.java,teammates.logic.core.FeedbackSessionsLogic,class,23,32,9,23,90,1,0,119,306,0.896875,0.0,0.0,40,1,33,6,0,1,34,0,0,0,16,8,0,16,0,0,9,0,31,326,38,8,6,2,0,21,3,54,6,57,3,0,0,6,282,17,10
./src/main/java/teammates/ui/output/InstructorData.java,teammates.ui.output.InstructorData,class,6,8,2,6,21,2,0,11,123,0.8578947,0.0,0.0,19,0,19,0,0,0,19,0,0,0,10,0,0,10,0,0,3,0,1,77,10,0,1,0,0,0,0,14,0,10,0,0,0,0,59,1,0
./src/main/java/teammates/common/util/StdOutConsoleHandler.java,teammates.common.util.StdOutConsoleHandler,class,0,1,1,0,1,4,0,1,0,0.0,NaN,NaN,1,0,0,0,1,0,1,0,0,0,0,0,0,0,0,0,0,0,0,5,0,0,0,0,0,0,0,0,0,0,0,0,0,0,13,1,0
./src/main/java/teammates/common/datatransfer/questions/FeedbackConstantSumDistributePointsType.java,teammates.common.datatransfer.questions.FeedbackConstantSumDistributePointsType,enum,1,2,1,1,2,1,0,0,0,0.0,0.0,0.0,2,0,1,0,0,1,2,0,0,0,1,0,0,1,0,0,0,0,0,11,1,0,0,0,0,3,0,1,0,1,0,0,0,0,50,1,0
./src/main/java/teammates/logic/external/LocalLoggingService.java,teammates.logic.external.LocalLoggingService,class,16,18,2,16,65,1,0,78,26,0.8333333,0.0,0.0,8,1,3,5,0,0,3,0,0,0,3,3,0,3,0,0,3,0,15,147,24,1,37,1,3,9,6,40,2,53,3,1,0,16,132,1,0
./src/main/java/teammates/common/datatransfer/SessionResultsBundle.java,teammates.common.datatransfer.SessionResultsBundle,class,7,13,6,7,23,1,0,23,133,0.8684211,0.0,0.0,19,3,15,4,0,0,15,0,0,0,10,0,0,10,0,0,10,0,6,103,18,2,1,0,0,1,0,23,1,21,1,0,0,0,74,1,0
./src/main/java/teammates/ui/output/NotificationsData.java,teammates.ui.output.NotificationsData,class,3,3,0,3,2,2,0,4,0,0.0,0.0,0.0,2,0,2,0,0,0,2,0,0,0,1,0,0,1,0,0,1,0,1,9,1,0,0,0,0,0,0,1,0,1,0,0,0,0,17,1,0
./src/main/java/teammates/storage/entity/AccountRequest.java,teammates.storage.entity.AccountRequest,class,8,12,4,8,18,2,0,14,117,0.8492063,0.0,0.0,18,1,16,2,0,0,16,0,0,0,7,0,0,7,0,0,0,0,3,70,9,0,0,0,0,1,0,9,2,9,0,0,0,0,45,1,0
./src/main/java/teammates/common/datatransfer/attributes/AccountRequestAttributes.java,teammates.common.datatransfer.attributes.AccountRequestAttributes$Builder,innerclass,4,4,0,4,2,2,0,1,0,0.0,NaN,NaN,2,0,1,1,0,0,1,0,0,0,1,0,0,1,0,0,1,0,0,12,1,0,0,0,0,0,0,2,0,1,0,0,0,0,13,9,0
./src/main/java/teammates/common/util/Const.java,teammates.common.util.Const$WebPageURIs,innerclass,0,0,0,0,0,1,0,0,0,NaN,-1.0,-1.0,0,0,0,0,0,0,0,0,0,0,43,43,37,6,0,0,43,0,0,45,0,0,0,0,0,43,0,43,40,43,0,0,0,0,44,9,0
./src/main/java/teammates/storage/api/AccountRequestsDb.java,teammates.storage.api.AccountRequestsDb,class,14,18,4,14,27,2,0,48,105,0.93333334,0.0,0.0,15,1,9,3,0,3,12,0,0,0,1,1,0,1,0,0,1,0,8,76,13,0,8,0,0,5,2,4,2,5,1,0,0,1,123,17,0
./src/main/java/teammates/common/datatransfer/AttributesDeletionQuery.java,teammates.common.datatransfer.AttributesDeletionQuery,class,1,18,17,1,20,1,0,0,79,0.85714287,0.0,0.0,14,1,13,1,0,0,13,0,0,0,6,0,0,6,0,0,0,0,0,112,13,0,6,0,0,0,0,0,0,6,0,0,1,0,31,17,0
./src/main/java/teammates/common/datatransfer/attributes/FeedbackResponseCommentAttributes.java,teammates.common.datatransfer.attributes.FeedbackResponseCommentAttributes,class,11,24,13,11,54,3,0,35,504,0.8368984,0.0,0.0,44,3,43,1,0,0,43,0,0,0,17,0,0,17,0,0,0,0,14,344,29,0,10,0,0,19,0,55,2,29,1,0,3,8,103,17,0
./src/main/java/teammates/logic/external/LocalTaskQueueService.java,teammates.logic.external.LocalTaskQueueService,class,11,13,2,11,7,1,0,17,1,0.5,NaN,NaN,2,1,1,1,0,0,1,0,0,0,1,1,0,1,0,0,1,0,4,35,3,0,2,2,0,5,0,6,1,8,1,0,0,1,59,1,0
./src/main/java/teammates/ui/request/FeedbackSessionRemindRequest.java,teammates.ui.request.FeedbackSessionRemindRequest,class,1,2,1,1,11,2,0,1,3,0.6285714,0.0,0.0,7,0,7,0,0,0,7,0,0,0,5,0,0,5,0,0,5,0,0,35,5,0,4,0,0,4,1,5,0,5,0,0,0,0,42,1,0
./src/main/java/teammates/common/datatransfer/attributes/AccountRequestAttributes.java,teammates.common.datatransfer.attributes.AccountRequestAttributes$UpdateOptions,innerclass,2,2,0,2,6,2,0,1,0,0.41666666,0.0,0.0,4,0,3,1,0,0,3,0,0,0,3,0,0,3,0,0,0,0,1,29,3,0,2,0,0,5,0,3,2,3,0,0,1,0,23,9,0
./src/main/java/teammates/common/datatransfer/attributes/FeedbackQuestionAttributes.java,teammates.common.datatransfer.attributes.FeedbackQuestionAttributes$UpdateOptions,innerclass,5,5,0,5,4,2,0,2,0,0.59999996,0.0,0.0,3,0,2,1,0,0,2,0,0,0,10,0,0,10,0,0,0,0,10,31,2,0,1,0,0,12,0,10,2,10,0,0,1,0,36,9,0
./src/main/java/teammates/storage/entity/BaseEntity.java,teammates.storage.entity.BaseEntity,class,1,13,12,1,1,2,12,0,0,0.0,NaN,NaN,1,0,0,0,0,1,1,0,0,0,0,0,0,0,0,0,0,0,0,20,0,0,0,0,0,0,0,0,0,0,0,0,1,0,7,1,0
./src/main/java/teammates/storage/entity/Notification.java,teammates.storage.entity.Notification,class,10,14,4,10,25,2,0,11,165,0.8391304,0.0,0.0,23,0,22,1,0,0,22,0,0,0,10,0,0,10,0,0,0,0,4,104,10,0,2,0,0,1,0,14,0,11,1,0,0,0,83,1,0
./src/main/java/teammates/common/util/EmailType.java,teammates.common.util.EmailType,enum,0,3,3,0,2,1,0,0,0,0.0,0.0,0.0,2,0,1,0,0,1,2,0,0,0,1,0,0,1,0,0,1,0,0,8,1,0,0,0,0,22,0,1,0,1,0,0,0,0,86,1,0
./src/main/java/teammates/ui/output/SessionResultsData.java,teammates.ui.output.SessionResultsData$ResponseOutput,innerclass,4,4,0,4,16,1,0,0,120,0.9375,0.0,0.0,16,1,14,1,0,1,15,0,0,0,14,0,0,14,0,0,0,0,0,128,15,0,0,0,0,0,0,0,0,14,0,0,1,0,43,9,0
./src/main/java/teammates/common/datatransfer/attributes/AccountAttributes.java,teammates.common.datatransfer.attributes.AccountAttributes$UpdateOptions$Builder,innerclass,3,3,0,3,2,2,0,0,1,0.0,NaN,NaN,2,0,1,1,0,0,1,0,0,0,0,0,0,0,0,0,0,0,0,9,1,0,0,0,0,0,0,1,0,0,0,0,0,0,9,9,0
./src/main/java/teammates/common/datatransfer/FeedbackSessionLogEntry.java,teammates.common.datatransfer.FeedbackSessionLogEntry,class,0,7,7,0,5,1,0,0,2,0.6,0.0,0.0,5,0,5,0,0,0,5,0,0,0,4,0,0,4,0,0,4,0,0,24,4,0,0,0,0,0,0,4,0,4,0,0,0,0,18,1,0
./src/main/java/teammates/common/datatransfer/questions/FeedbackContributionQuestionDetails.java,teammates.common.datatransfer.questions.FeedbackContributionQuestionDetails$ContributionStatisticsEntry,innerclass,1,1,0,1,5,1,0,0,2,0.6,0.0,0.0,5,0,5,0,0,0,5,0,0,0,4,0,0,4,0,0,4,0,0,24,4,0,0,0,0,0,0,4,0,4,0,0,0,0,29,9,0
./src/main/java/teammates/common/datatransfer/attributes/CourseAttributes.java,teammates.common.datatransfer.attributes.CourseAttributes,class,11,27,16,11,31,3,0,28,140,0.78571427,0.0,0.0,24,4,23,1,0,0,23,0,0,0,7,1,0,7,0,0,1,0,12,184,20,0,6,1,1,8,1,25,3,14,1,0,3,3,85,17,0
./src/main/java/teammates/common/datatransfer/attributes/NotificationAttributes.java,teammates.common.datatransfer.attributes.NotificationAttributes$Builder,innerclass,4,4,0,4,2,2,0,1,0,0.0,NaN,NaN,2,0,1,1,0,0,1,0,0,0,1,0,0,1,0,0,1,0,0,12,1,0,0,0,0,0,0,2,0,1,0,0,0,0,12,9,0
./src/main/java/teammates/common/datatransfer/attributes/NotificationAttributes.java,teammates.common.datatransfer.attributes.NotificationAttributes$UpdateOptions,innerclass,4,4,0,4,4,2,0,1,1,0.625,0.0,0.0,3,0,2,1,0,0,2,0,0,0,8,0,0,8,0,0,0,0,7,34,2,0,1,0,0,9,0,8,2,8,0,0,1,0,27,9,0
./src/main/java/teammates/logic/external/GoogleCloudLoggingService.java,teammates.logic.external.GoogleCloudLoggingService$LogSearchParams,innerclass,2,2,0,2,4,1,0,2,4,0.6666667,0.0,0.0,4,1,0,1,0,3,3,0,0,0,3,0,0,3,0,0,1,0,0,20,4,0,0,0,0,0,0,3,0,3,0,0,0,0,22,10,0
./src/main/java/teammates/ui/request/CourseUpdateRequest.java,teammates.ui.request.CourseUpdateRequest,class,1,1,0,1,0,3,0,0,0,0.0,-1.0,-1.0,0,0,0,0,0,0,0,0,0,0,0,0,0,0,0,0,0,0,0,2,0,0,0,0,0,0,0,0,0,0,0,0,0,0,8,1,0
./src/main/java/teammates/common/datatransfer/attributes/FeedbackQuestionAttributes.java,teammates.common.datatransfer.attributes.FeedbackQuestionAttributes$BasicBuilder,innerclass,7,7,0,7,17,1,0,7,0,0.13636364,0.0,0.0,11,0,10,0,0,1,11,1,0,0,2,0,0,0,0,2,0,0,9,53,9,0,6,0,0,0,0,10,0,2,0,0,0,0,42,1034,0
./src/main/java/teammates/ui/request/FeedbackResponseCommentCreateRequest.java,teammates.ui.request.FeedbackResponseCommentCreateRequest,class,2,2,0,2,1,3,0,0,0,0.0,NaN,NaN,1,0,1,0,0,0,1,0,0,0,0,0,0,0,0,0,0,0,0,5,0,0,0,0,0,0,0,0,0,0,0,0,0,0,17,1,0
./src/main/java/teammates/common/datatransfer/QueryLogsResults.java,teammates.common.datatransfer.QueryLogsResults,class,1,6,5,1,3,1,0,0,0,0.33333334,0.0,0.0,3,0,3,0,0,0,3,0,0,0,2,0,0,2,0,0,2,0,0,14,2,0,0,0,0,0,0,2,0,2,0,0,0,0,16,1,0
./src/main/java/teammates/storage/search/InstructorSearchManager.java,teammates.storage.search.InstructorSearchManager,class,9,12,3,9,6,2,0,16,15,0.8333333,0.0,0.0,6,0,2,0,0,4,6,0,0,0,2,0,0,2,0,0,2,0,3,27,4,0,0,0,0,3,0,7,0,10,0,0,0,4,49,1,0
./src/main/java/teammates/common/datatransfer/logs/LogEvent.java,teammates.common.datatransfer.logs.LogEvent,enum,6,9,3,6,2,1,0,0,0,0.0,0.0,0.0,2,0,1,0,0,1,2,0,0,0,1,0,0,1,0,0,1,0,0,8,1,0,0,0,0,0,0,1,0,1,0,0,0,0,33,1,0
./src/main/java/teammates/storage/api/NotificationsDb.java,teammates.storage.api.NotificationsDb,class,11,14,3,11,21,2,0,35,66,0.9166667,0.0,0.0,12,1,7,2,0,3,10,0,0,0,1,1,0,1,0,0,1,0,7,66,10,0,7,0,0,4,0,10,1,11,1,0,0,1,93,17,0
./src/main/java/teammates/ui/request/CourseArchiveRequest.java,teammates.ui.request.CourseArchiveRequest,class,1,1,0,1,3,2,0,0,1,0.33333334,0.0,0.0,3,0,3,0,0,0,3,0,0,0,1,0,0,1,0,0,0,0,0,11,1,0,0,0,0,0,0,1,0,1,0,0,0,0,13,1,0
./src/main/java/teammates/logic/core/AccountsLogic.java,teammates.logic.core.AccountsLogic,class,20,24,4,20,42,1,0,66,0,0.6904762,0.0,0.0,14,1,8,4,0,2,10,0,0,0,6,1,0,6,0,0,2,0,13,169,11,2,13,3,0,19,1,24,4,24,3,0,0,0,139,17,0
./src/main/java/teammates/logic/api/InstructorsLogicAPI.java,teammates.logic.api.InstructorsLogicAPI,class,5,6,1,5,46,1,0,19,0,0.525,0.0,0.0,20,1,19,0,0,1,20,0,0,0,2,1,0,1,0,1,2,0,1,89,13,0,26,0,0,0,0,2,0,2,0,0,0,0,155,1,0
./src/main/java/teammates/common/datatransfer/attributes/FeedbackResponseCommentAttributes.java,teammates.common.datatransfer.attributes.FeedbackResponseCommentAttributes$UpdateOptions,innerclass,3,3,0,3,3,2,0,1,0,0.6666666,0.0,0.0,3,0,2,1,0,0,2,0,0,0,9,0,0,9,0,0,0,0,8,39,2,0,0,0,0,9,0,9,2,9,0,0,1,0,32,9,0
./src/main/java/teammates/ui/output/TimeZonesData.java,teammates.ui.output.TimeZonesData,class,1,1,0,1,3,2,0,0,0,0.33333334,0.0,0.0,3,0,3,0,0,0,3,0,0,0,2,0,0,2,0,0,0,0,0,14,2,0,0,0,0,0,0,2,0,2,0,0,0,0,21,1,0
./src/main/java/teammates/logic/external/GoogleRecaptchaService.java,teammates.logic.external.GoogleRecaptchaService,class,8,10,2,8,9,1,0,15,0,0.44444445,0.0,0.0,3,0,2,0,0,1,3,0,0,0,3,2,0,3,0,0,3,0,4,35,5,0,2,1,0,8,0,7,1,7,2,0,0,0,58,1,0
./src/main/java/teammates/storage/entity/Account.java,teammates.storage.entity.Account,class,9,13,4,9,13,2,0,6,40,0.76666665,0.0,0.0,12,0,11,1,0,0,11,0,0,0,5,0,0,5,0,0,0,0,1,49,6,0,1,0,0,1,0,5,0,5,1,0,0,0,48,1,0
./src/main/java/teammates/ui/servlets/OriginCheckFilter.java,teammates.ui.servlets.OriginCheckFilter,class,12,13,1,12,24,1,0,25,15,0.8333333,0.0,0.0,6,0,3,3,0,0,3,0,0,0,3,3,0,3,0,0,3,0,6,85,10,0,5,2,0,19,0,15,0,14,2,0,0,0,125,1,0
./src/main/java/teammates/ui/output/JoinStatus.java,teammates.ui.output.JoinStatus,class,1,1,0,1,2,2,0,0,0,0.0,0.0,0.0,2,0,2,0,0,0,2,0,0,0,1,0,0,1,0,0,1,0,0,9,1,0,0,0,0,0,0,1,0,1,0,0,0,0,13,1,0
./src/main/java/teammates/common/util/EmailWrapper.java,teammates.common.util.EmailWrapper,class,1,11,10,1,21,1,0,2,141,0.88421047,0.0,0.0,19,0,19,0,0,0,19,0,0,0,10,1,1,9,0,0,1,0,1,74,9,0,1,0,0,1,0,12,1,10,1,0,0,0,64,1,0
./src/main/java/teammates/logic/external/GoogleCloudTasksService.java,teammates.logic.external.GoogleCloudTasksService,class,8,9,1,8,4,1,0,29,0,0.0,NaN,NaN,1,0,1,0,0,0,1,0,0,0,1,1,0,1,0,0,1,0,3,27,0,0,1,1,0,4,1,8,1,10,2,0,0,1,41,1,0
./src/main/java/teammates/ui/servlets/LogoutServlet.java,teammates.ui.servlets.LogoutServlet,class,5,5,0,5,2,3,0,8,0,0.0,NaN,NaN,1,0,1,0,0,0,1,0,0,0,1,1,0,1,0,0,1,0,1,14,0,0,1,0,0,4,0,4,1,3,1,0,0,0,29,1,0
./src/main/java/teammates/main/Application.java,teammates.main.Application$Anonymous1,anonymous,3,3,0,3,5,1,0,7,10,0.0,0.0,0.0,5,0,5,0,0,0,5,0,0,0,0,0,0,0,0,0,0,0,2,16,0,0,0,0,0,3,0,0,2,0,0,0,0,0,17,-1,1
./src/main/java/teammates/common/datatransfer/questions/FeedbackConstantSumResponseDetails.java,teammates.common.datatransfer.questions.FeedbackConstantSumResponseDetails,class,1,4,3,1,4,2,0,3,0,0.0,0.0,0.0,4,0,4,0,0,0,4,0,0,0,1,0,0,1,0,0,0,0,0,17,2,0,0,0,0,0,2,3,1,2,0,0,0,0,21,1,0
./src/main/java/teammates/storage/entity/BaseEntity.java,teammates.storage.entity.BaseEntity$InstantTranslatorFactory,innerclass,6,6,0,6,2,2,0,0,1,0.0,0.0,0.0,2,0,1,0,1,0,2,0,0,0,0,0,0,0,0,0,0,0,0,16,1,0,0,0,0,0,0,0,0,0,0,1,0,0,31,9,0
./src/main/java/teammates/ui/servlets/OAuth2CallbackServlet.java,teammates.ui.servlets.OAuth2CallbackServlet$Anonymous1,anonymous,0,0,0,0,0,1,0,0,0,0.0,-1.0,-1.0,0,0,0,0,0,0,0,0,0,0,0,0,0,0,0,0,0,0,0,2,0,0,0,0,0,0,0,0,0,0,0,0,0,0,0,-1,0
./src/main/java/teammates/common/datatransfer/UserInfoCookie.java,teammates.common.datatransfer.UserInfoCookie,class,3,9,6,3,11,1,0,9,4,0.5555556,0.0,0.0,9,1,9,0,0,0,9,0,0,0,3,0,0,3,0,0,0,0,7,43,7,0,1,1,0,0,0,7,0,4,1,0,0,0,43,1,0
./src/main/java/teammates/ui/servlets/AuthServlet.java,teammates.ui.servlets.AuthServlet$AuthState,innerclass,0,0,0,0,3,1,0,0,0,0.33333334,0.0,0.0,3,0,1,0,0,2,3,0,0,0,2,0,0,2,0,0,2,0,0,14,2,0,0,0,0,0,0,2,0,2,0,0,0,0,17,8,0
./src/main/java/teammates/common/util/Const.java,teammates.common.util.Const$TaskQueue,innerclass,0,0,0,0,0,1,0,0,0,NaN,-1.0,-1.0,0,0,0,0,0,0,0,0,0,0,21,21,21,0,0,0,21,0,0,23,0,0,0,0,0,21,0,21,11,21,0,0,0,0,39,9,0
./src/main/java/teammates/ui/output/NotificationData.java,teammates.ui.output.NotificationData,class,4,5,1,4,10,2,0,10,27,0.8000001,0.0,0.0,10,0,10,0,0,0,10,0,0,0,9,0,0,9,0,0,0,0,0,49,9,0,0,0,0,0,0,9,0,9,0,0,0,0,36,1,0
./src/main/java/teammates/logic/core/CoursesLogic.java,teammates.logic.core.CoursesLogic,class,23,32,9,23,37,1,0,72,26,0.8318182,0.0,0.0,20,1,15,1,0,4,19,0,0,0,11,2,0,11,0,0,3,0,20,147,15,3,8,1,0,10,0,29,8,33,2,0,0,4,196,17,0
./src/main/java/teammates/common/datatransfer/attributes/AccountRequestAttributes.java,teammates.common.datatransfer.attributes.AccountRequestAttributes,class,13,23,10,13,23,3,0,31,69,0.72222227,0.0,0.0,18,3,17,1,0,0,17,0,0,0,6,0,0,6,0,0,0,0,10,150,18,0,5,0,1,5,0,17,2,11,1,0,3,1,65,17,0
./src/main/java/teammates/ui/output/StudentsData.java,teammates.ui.output.StudentsData,class,3,4,1,3,4,2,0,4,0,0.0,0.0,0.0,4,0,4,0,0,0,4,0,0,0,1,0,0,1,0,0,0,0,1,15,1,0,0,0,0,0,0,3,0,1,0,0,0,0,18,1,0
./src/main/java/teammates/ui/output/StudentData.java,teammates.ui.output.StudentData,class,5,8,3,5,19,2,0,12,113,0.86111104,0.0,0.0,18,0,18,0,0,0,18,0,0,0,10,0,0,10,0,0,5,0,0,75,10,0,0,0,0,0,0,12,0,10,0,0,0,0,57,1,0
./src/main/java/teammates/common/datatransfer/attributes/CourseAttributes.java,teammates.common.datatransfer.attributes.CourseAttributes$BasicBuilder,innerclass,5,5,0,5,8,1,0,1,0,0.3,0.0,0.0,5,0,4,0,0,1,5,1,0,0,2,0,0,0,0,2,0,0,3,23,3,0,3,0,0,0,0,4,0,2,0,0,0,0,28,1034,0
./src/main/java/teammates/common/datatransfer/attributes/InstructorAttributes.java,teammates.common.datatransfer.attributes.InstructorAttributes$Builder,innerclass,4,4,0,4,6,2,0,1,0,0.0,0.0,0.0,3,0,2,1,0,0,2,0,0,0,1,0,0,1,0,0,1,0,0,19,2,0,3,0,0,0,0,3,0,1,0,0,0,0,19,9,0
./src/main/java/teammates/common/util/AppUrl.java,teammates.common.util.AppUrl,class,2,11,9,2,8,2,0,2,28,0.0,0.0,0.0,8,0,8,0,0,0,8,0,0,0,0,0,0,0,0,0,0,0,0,27,7,0,0,0,0,1,0,0,0,0,0,0,0,0,38,1,0
./src/main/java/teammates/logic/core/NotificationsLogic.java,teammates.logic.core.NotificationsLogic,class,6,10,4,6,10,1,0,8,3,0.6,0.0,0.0,10,1,8,1,0,1,9,0,0,0,2,1,0,2,0,0,2,0,1,32,7,0,0,0,0,0,0,2,0,2,0,0,0,0,71,17,0
./src/main/java/teammates/common/exception/EnrollException.java,teammates.common.exception.EnrollException,class,0,1,1,0,1,3,0,0,0,0.0,NaN,NaN,1,0,1,0,0,0,1,0,0,0,0,0,0,0,0,0,0,0,0,5,0,0,0,0,0,1,0,0,0,0,0,0,0,0,9,1,0
./src/main/java/teammates/logic/api/EmailSender.java,teammates.logic.api.EmailSender,class,12,13,1,12,13,1,0,25,4,0.6666667,0.0,0.0,4,1,2,1,0,1,3,0,0,0,3,2,0,3,0,0,3,0,4,63,4,0,2,1,0,4,0,12,3,6,2,0,0,0,49,1,0
./src/main/java/teammates/common/datatransfer/questions/FeedbackTextQuestionDetails.java,teammates.common.datatransfer.questions.FeedbackTextQuestionDetails,class,5,8,3,5,12,2,0,1,21,0.7,0.0,0.0,10,0,10,0,0,0,10,0,0,0,3,1,0,2,0,1,1,0,0,42,6,0,1,0,1,2,1,6,0,4,1,0,0,0,61,1,0
./src/main/java/teammates/ui/request/NotificationUpdateRequest.java,teammates.ui.request.NotificationUpdateRequest,class,1,1,0,1,0,3,0,0,0,0.0,-1.0,-1.0,0,0,0,0,0,0,0,0,0,0,0,0,0,0,0,0,0,0,0,2,0,0,0,0,0,0,0,0,0,0,0,0,0,0,8,1,0
./src/main/java/teammates/common/datatransfer/questions/FeedbackTextResponseDetails.java,teammates.common.datatransfer.questions.FeedbackTextResponseDetails,class,2,7,5,2,5,2,0,1,0,0.0,0.0,0.0,5,0,5,0,0,0,5,0,0,0,1,0,0,1,0,0,0,0,2,20,2,0,0,0,0,1,0,3,0,1,0,0,0,0,17,1,0
./src/main/java/teammates/common/exception/SearchServiceException.java,teammates.common.exception.SearchServiceException,class,0,1,1,0,4,3,0,0,0,0.0,0.0,0.0,4,0,4,0,0,0,4,0,0,0,1,0,0,1,0,0,1,0,0,18,1,0,0,0,0,0,0,3,0,1,0,0,0,0,16,1,0
./src/main/java/teammates/common/util/TaskWrapper.java,teammates.common.util.TaskWrapper,class,0,4,4,0,5,1,0,0,2,0.6,0.0,0.0,5,0,5,0,0,0,5,0,0,0,4,0,0,4,0,0,4,0,0,24,4,0,0,0,0,0,0,4,0,4,0,0,0,0,23,1,0
./src/main/java/teammates/logic/external/EmptyEmailService.java,teammates.logic.external.EmptyEmailService,class,3,4,1,3,2,1,0,0,1,0.0,0.0,0.0,2,0,2,0,0,0,2,0,0,0,0,0,0,0,0,0,0,0,0,8,2,0,0,0,0,0,0,0,0,0,0,0,0,0,17,1,0
./src/main/java/teammates/ui/output/DeadlineExtensionData.java,teammates.ui.output.DeadlineExtensionData,class,2,2,0,2,7,2,0,7,9,0.7142858,0.0,0.0,7,0,7,0,0,0,7,0,0,0,6,0,0,6,0,0,6,0,0,34,6,0,0,0,0,0,0,6,0,6,0,0,0,0,30,1,0
./src/main/java/teammates/ui/output/ApiOutput.java,teammates.ui.output.ApiOutput,class,1,48,47,1,2,1,47,0,0,0.0,0.0,0.0,2,0,2,0,0,0,2,0,0,0,1,0,0,1,0,0,0,0,0,9,1,0,0,0,0,0,0,1,0,1,0,0,0,0,14,1,0
./src/main/java/teammates/logic/external/EmailSenderService.java,teammates.logic.external.EmailSenderService,interface,2,7,5,2,2,1,0,0,1,0.0,0.0,0.0,2,0,0,0,0,2,2,0,0,0,0,0,0,0,0,0,0,0,0,4,0,0,0,0,0,0,0,0,0,0,0,0,0,0,31,1,0
./src/main/java/teammates/logic/core/FeedbackResponseCommentsLogic.java,teammates.logic.core.FeedbackResponseCommentsLogic,class,22,30,8,22,64,1,0,60,134,0.85714287,0.0,0.0,25,1,16,8,0,1,17,0,0,0,7,1,0,7,0,0,2,0,7,212,28,3,16,0,2,20,0,36,6,32,3,0,0,0,166,17,0
./src/main/java/teammates/ui/servlets/WebPageServlet.java,teammates.ui.servlets.WebPageServlet,class,4,4,0,4,3,2,0,11,0,0.0,NaN,NaN,1,0,1,0,0,0,1,0,0,0,1,1,0,1,0,0,1,0,1,18,0,0,0,1,0,3,0,1,0,1,2,0,0,0,21,1,0
./src/main/java/teammates/common/util/Const.java,teammates.common.util.Const$EntityType,innerclass,0,0,0,0,0,1,0,0,0,NaN,-1.0,-1.0,0,0,0,0,0,0,0,0,0,0,4,4,4,0,0,0,4,0,0,6,0,0,0,0,0,4,0,4,0,4,0,0,0,0,16,9,0
./src/main/java/teammates/common/datatransfer/attributes/StudentAttributes.java,teammates.common.datatransfer.attributes.StudentAttributes$UpdateOptions,innerclass,2,2,0,2,6,2,0,1,0,0.625,0.0,0.0,4,0,3,1,0,0,3,0,0,0,8,0,0,8,0,0,0,0,6,39,3,0,2,0,0,10,0,8,2,8,0,0,1,0,28,9,0
./src/main/java/teammates/common/datatransfer/attributes/StudentAttributes.java,teammates.common.datatransfer.attributes.StudentAttributes$Builder,innerclass,4,4,0,4,2,2,0,1,0,0.0,NaN,NaN,2,0,1,1,0,0,1,0,0,0,1,0,0,1,0,0,1,0,0,12,1,0,0,0,0,0,0,2,0,1,0,0,0,0,12,9,0
./src/main/java/teammates/ui/output/JoinState.java,teammates.ui.output.JoinState,enum,0,2,2,0,0,1,0,0,0,0.0,-1.0,-1.0,0,0,0,0,0,0,0,0,0,0,0,0,0,0,0,0,0,0,0,3,0,0,0,0,0,0,0,0,0,0,0,0,0,0,23,1,0
./src/main/java/teammates/common/datatransfer/questions/FeedbackContributionQuestionDetails.java,teammates.common.datatransfer.questions.FeedbackContributionQuestionDetails$ContributionStatistics,innerclass,1,1,0,1,1,1,0,0,0,0.0,NaN,NaN,1,0,1,0,0,0,1,0,0,0,1,0,0,1,0,0,1,0,0,6,1,0,0,0,0,0,0,1,0,1,0,0,0,0,16,9,0
./src/main/java/teammates/common/datatransfer/attributes/FeedbackSessionAttributes.java,teammates.common.datatransfer.attributes.FeedbackSessionAttributes,class,10,25,15,10,96,3,0,63,1887,0.89777774,0.0,0.0,75,4,74,1,0,0,74,0,0,0,24,0,0,24,0,0,0,0,51,532,60,0,9,0,3,33,8,97,3,61,1,0,3,18,192,17,0
./src/main/java/teammates/storage/entity/Instructor.java,teammates.storage.entity.Instructor,class,10,14,4,10,32,2,0,21,405,0.9156328,0.0,0.0,31,1,29,2,0,0,29,0,0,0,13,0,0,13,0,0,0,0,4,124,16,0,1,0,0,1,0,15,2,15,1,0,0,0,96,1,0
./src/main/java/teammates/common/util/JsonUtils.java,teammates.common.util.JsonUtils$ZoneIdAdapter,innerclass,6,6,0,6,2,1,0,3,1,0.0,0.0,0.0,2,0,2,0,0,0,2,0,0,0,0,0,0,0,0,0,0,0,1,12,2,0,0,0,0,0,0,0,0,0,1,0,0,0,13,10,0
./src/main/java/teammates/ui/output/AccountData.java,teammates.ui.output.AccountData,class,2,3,1,2,5,2,0,11,2,0.6,0.0,0.0,5,0,5,0,0,0,5,0,0,0,4,0,0,4,0,0,4,0,1,24,4,0,0,0,0,0,0,4,0,6,0,0,0,2,21,1,0
./src/main/java/teammates/ui/request/NotificationBasicRequest.java,teammates.ui.request.NotificationBasicRequest,class,3,5,2,3,19,2,2,1,42,0.7692308,0.0,0.0,13,0,13,0,0,0,13,0,0,0,6,0,0,6,0,0,0,0,0,52,6,0,4,0,0,6,2,6,0,6,0,0,0,0,37,1,0
./src/main/java/teammates/common/datatransfer/CourseRoster.java,teammates.common.datatransfer.CourseRoster,class,4,11,7,4,28,1,0,27,43,0.69047624,0.0,0.0,14,1,12,2,0,0,12,0,0,0,3,0,0,3,0,0,3,0,1,109,13,3,8,0,0,0,0,25,0,17,1,0,1,1,79,1,0
./src/main/java/teammates/logic/api/AccountsLogicAPI.java,teammates.logic.api.AccountsLogicAPI,class,5,6,1,5,17,1,0,8,0,0.5555556,0.0,0.0,9,1,8,0,0,1,9,0,0,0,2,1,0,1,0,1,2,0,1,38,7,0,8,0,0,0,0,2,0,2,0,0,0,0,86,1,0
./src/main/java/teammates/common/datatransfer/attributes/FeedbackResponseCommentAttributes.java,teammates.common.datatransfer.attributes.FeedbackResponseCommentAttributes$BasicBuilder,innerclass,6,6,0,6,14,1,0,2,0,0.1875,0.0,0.0,8,0,7,0,0,1,8,1,0,0,2,0,0,0,0,2,0,0,6,38,6,0,6,0,0,0,0,7,0,2,0,0,0,0,37,1034,0
./src/main/java/teammates/common/datatransfer/attributes/FeedbackResponseCommentAttributes.java,teammates.common.datatransfer.attributes.FeedbackResponseCommentAttributes$Builder,innerclass,5,5,0,5,14,2,0,1,0,0.0,0.0,0.0,9,0,8,1,0,0,8,0,0,0,1,0,0,1,0,0,1,0,0,45,8,0,5,0,0,0,1,9,0,1,0,0,0,0,34,9,0
./src/main/java/teammates/common/datatransfer/questions/FeedbackRubricQuestionDetails.java,teammates.common.datatransfer.questions.FeedbackRubricQuestionDetails,class,5,9,4,5,44,2,0,19,52,0.87500006,0.0,0.0,21,0,19,2,0,0,19,0,0,0,16,11,0,5,0,11,11,0,0,139,19,3,9,0,1,14,4,25,7,23,2,0,0,3,118,1,0
./src/main/java/teammates/common/util/Const.java,teammates.common.util.Const$InstructorPermissionRoleNames,innerclass,0,0,0,0,0,1,0,0,0,NaN,-1.0,-1.0,0,0,0,0,0,0,0,0,0,0,5,5,5,0,0,0,5,0,0,7,0,0,0,0,0,5,0,5,0,5,0,0,0,0,30,9,0
./src/main/java/teammates/ui/request/BasicRequest.java,teammates.ui.request.BasicRequest,class,1,22,21,1,3,1,21,0,1,0.0,0.0,0.0,2,0,1,0,0,1,2,1,0,0,0,0,0,0,0,0,0,0,0,8,0,0,0,0,0,0,0,0,0,0,1,0,0,0,23,1025,0
./src/main/java/teammates/common/datatransfer/FeedbackParticipantType.java,teammates.common.datatransfer.FeedbackParticipantType,enum,0,23,23,0,20,1,0,1,9,0.6666667,0.0,0.0,6,0,5,0,0,1,6,0,0,0,3,0,0,3,0,0,3,0,0,55,8,0,4,0,0,3,0,3,0,3,1,0,0,0,76,1,0
./src/main/java/teammates/common/datatransfer/CourseRoster.java,teammates.common.datatransfer.CourseRoster$ParticipantInfo,innerclass,0,0,0,0,4,1,0,0,0,0.5,0.0,0.0,4,0,3,1,0,0,3,0,0,0,3,0,0,3,0,0,3,0,0,19,3,0,0,0,0,0,0,3,0,3,0,0,0,0,18,9,0
./src/main/java/teammates/storage/entity/DeadlineExtension.java,teammates.storage.entity.DeadlineExtension,class,8,12,4,8,22,2,0,11,171,0.8585859,0.0,0.0,22,1,21,1,0,0,21,0,0,0,9,0,0,9,0,0,0,0,3,83,10,0,0,0,0,1,0,9,1,9,0,0,0,0,49,1,0
./src/main/java/teammates/ui/servlets/AuthServlet.java,teammates.ui.servlets.AuthServlet,class,13,17,4,13,4,2,4,17,6,0.75,0.0,0.0,4,0,0,0,0,4,4,0,0,0,4,4,0,4,0,0,4,0,3,45,4,0,0,0,0,10,1,7,0,7,0,0,1,0,68,1024,0
./src/main/java/teammates/logic/external/RecaptchaService.java,teammates.logic.external.RecaptchaService,interface,0,3,3,0,1,1,0,0,0,0.0,NaN,NaN,1,0,0,0,0,1,1,0,0,0,0,0,0,0,0,0,0,0,0,3,0,0,0,0,0,0,0,0,0,0,0,0,0,0,21,1,0
./src/main/java/teammates/ui/output/EmailData.java,teammates.ui.output.EmailData,class,2,2,0,2,4,2,0,3,0,0.5,0.0,0.0,4,0,4,0,0,0,4,0,0,0,3,0,0,3,0,0,3,0,0,19,3,0,0,0,0,0,0,3,0,3,0,0,0,0,16,1,0
./src/main/java/teammates/ui/output/ResponseVisibleSetting.java,teammates.ui.output.ResponseVisibleSetting,enum,0,2,2,0,0,1,0,0,0,0.0,-1.0,-1.0,0,0,0,0,0,0,0,0,0,0,0,0,0,0,0,0,0,0,0,4,0,0,0,0,0,0,0,0,0,0,0,0,0,0,18,1,0
./src/main/java/teammates/common/datatransfer/attributes/CourseAttributes.java,teammates.common.datatransfer.attributes.CourseAttributes$UpdateOptions,innerclass,2,2,0,2,4,2,0,1,0,0.5,0.0,0.0,3,0,2,1,0,0,2,0,0,0,4,0,0,4,0,0,0,0,3,25,2,0,1,0,0,6,0,4,2,4,0,0,1,0,24,9,0
./src/main/java/teammates/storage/search/StudentSearchManager.java,teammates.storage.search.StudentSearchManager,class,14,17,3,14,9,2,0,33,15,0.8333333,0.0,0.0,6,0,2,0,0,4,6,0,0,0,2,0,0,2,0,0,2,0,6,48,7,0,2,0,0,7,0,13,1,19,2,0,0,8,69,1,0
./src/main/java/teammates/storage/api/FeedbackSessionsDb.java,teammates.storage.api.FeedbackSessionsDb,class,13,16,3,13,54,2,0,115,406,0.9655172,0.0,0.0,29,1,17,9,0,3,20,0,0,0,1,1,0,1,0,0,1,0,23,169,29,0,20,0,0,27,5,15,5,23,1,0,0,9,163,17,3
./src/main/java/teammates/logic/core/DataBundleLogic.java,teammates.logic.core.DataBundleLogic,class,33,35,2,33,48,1,0,144,200,0.8968255,0.0,0.0,21,1,4,17,0,0,4,0,0,0,12,1,0,12,0,0,12,0,19,243,9,13,3,2,0,8,4,61,3,65,2,0,0,4,174,17,0
./src/main/java/teammates/common/util/EmailSendingStatus.java,teammates.common.util.EmailSendingStatus,class,0,6,6,0,6,1,0,0,0,0.5,0.0,0.0,4,0,4,0,0,0,4,0,0,0,3,0,0,3,0,0,3,0,0,19,3,0,0,0,0,0,2,3,0,3,0,0,0,0,15,1,0
./src/main/java/teammates/ui/output/CourseSectionNamesData.java,teammates.ui.output.CourseSectionNamesData,class,1,1,0,1,2,2,0,0,0,0.0,0.0,0.0,2,0,2,0,0,0,2,0,0,0,1,0,0,1,0,0,0,0,0,9,1,0,0,0,0,0,0,1,0,1,0,0,0,0,20,1,0
./src/main/java/teammates/ui/servlets/LoginServlet.java,teammates.ui.servlets.LoginServlet,class,11,11,0,11,6,3,0,23,0,0.0,NaN,NaN,1,0,1,0,0,0,1,0,0,0,1,1,0,1,0,0,1,0,7,36,2,0,2,0,0,17,0,9,2,7,1,0,0,0,44,1,0
./src/main/java/teammates/ui/request/AccountCreateRequest.java,teammates.ui.request.AccountCreateRequest,class,3,3,0,3,13,2,0,9,3,0.5714286,0.0,0.0,7,0,7,0,0,0,7,0,0,0,3,0,0,3,0,0,0,0,4,42,3,0,3,0,0,3,0,7,0,7,1,0,0,0,30,1,0
./src/main/java/teammates/ui/output/FeedbackVisibilityType.java,teammates.ui.output.FeedbackVisibilityType,enum,0,2,2,0,0,1,0,0,0,0.0,-1.0,-1.0,0,0,0,0,0,0,0,0,0,0,0,0,0,0,0,0,0,0,0,6,0,0,0,0,0,0,0,0,0,0,0,0,0,0,21,1,0
./src/main/java/teammates/common/datatransfer/logs/GeneralLogEntry.java,teammates.common.datatransfer.logs.GeneralLogEntry,class,4,10,6,4,11,1,0,0,39,0.8181819,0.0,0.0,11,0,11,0,0,0,11,0,0,0,8,0,0,8,0,0,6,0,0,48,8,0,0,0,0,0,0,8,0,8,0,0,0,0,38,1,0
./src/main/java/teammates/common/datatransfer/questions/FeedbackRankRecipientsQuestionDetails.java,teammates.common.datatransfer.questions.FeedbackRankRecipientsQuestionDetails,class,5,7,2,5,17,3,0,5,15,0.0,0.0,0.0,6,0,6,0,0,0,6,0,0,0,0,0,0,0,0,0,0,0,0,40,4,1,2,0,0,9,1,5,4,5,2,0,0,0,54,1,0
./src/main/java/teammates/common/util/TzdbResourceZoneRulesProvider.java,teammates.common.util.TzdbResourceZoneRulesProvider,class,4,5,1,4,43,2,0,36,52,0.84722215,0.0,0.0,12,6,2,7,3,0,5,0,0,0,6,3,0,6,0,0,4,0,37,178,13,12,11,3,17,13,69,81,34,73,2,0,0,0,138,17,0
./src/main/java/teammates/ui/request/InstructorPrivilegeUpdateRequest.java,teammates.ui.request.InstructorPrivilegeUpdateRequest,class,2,2,0,2,4,2,0,1,0,0.0,0.0,0.0,3,0,3,0,0,0,3,0,0,0,1,0,0,1,0,0,0,0,0,12,1,0,1,0,0,1,0,1,0,1,0,0,0,0,22,1,0
./src/main/java/teammates/common/datatransfer/attributes/FeedbackSessionAttributes.java,teammates.common.datatransfer.attributes.FeedbackSessionAttributes$BasicBuilder,innerclass,5,5,0,5,22,1,0,5,0,0.11538462,0.0,0.0,13,0,12,0,0,1,13,1,0,0,2,0,0,0,0,2,0,0,11,61,11,0,9,0,0,0,0,12,0,2,0,0,0,0,53,1034,0
./src/main/java/teammates/common/datatransfer/attributes/EntityAttributes.java,teammates.common.datatransfer.attributes.EntityAttributes$UpdateOption,innerclass,2,2,0,2,9,1,0,2,0,0.47619048,0.0,0.0,7,2,3,2,0,2,5,0,0,0,3,1,0,3,0,0,1,0,1,30,4,0,0,0,0,3,0,5,0,3,1,0,0,0,53,12,0
./src/main/java/teammates/logic/core/FeedbackQuestionsLogic.java,teammates.logic.core.FeedbackQuestionsLogic,class,26,34,8,26,139,1,0,116,87,0.8504273,0.0,0.0,26,1,20,5,0,1,21,0,0,0,9,3,0,8,0,1,4,0,21,484,24,17,36,3,0,15,11,100,12,83,3,0,0,10,247,17,0
./src/main/java/teammates/common/datatransfer/attributes/AccountAttributes.java,teammates.common.datatransfer.attributes.AccountAttributes$UpdateOptions,innerclass,3,3,0,3,4,2,0,2,0,0.33333334,0.0,0.0,3,0,2,1,0,0,2,0,0,0,2,0,0,2,0,0,0,0,2,23,2,0,1,0,0,4,0,2,2,2,0,0,1,0,21,9,0
./src/main/java/teammates/logic/api/UserProvision.java,teammates.logic.api.UserProvision,class,5,6,1,5,9,1,0,9,13,0.72222227,0.0,0.0,6,1,4,0,0,2,6,0,0,0,3,1,0,3,0,0,3,0,2,41,7,0,2,0,0,0,0,16,0,7,1,0,0,0,44,1,0
./src/main/java/teammates/common/util/Logger.java,teammates.common.util.Logger$Anonymous3,anonymous,0,0,0,0,0,1,0,0,0,0.0,-1.0,-1.0,0,0,0,0,0,0,0,0,0,0,0,0,0,0,0,0,0,0,0,2,0,0,0,0,0,0,0,0,0,0,0,0,0,0,0,-1,0
./src/main/java/teammates/common/datatransfer/questions/FeedbackNumericalScaleQuestionDetails.java,teammates.common.datatransfer.questions.FeedbackNumericalScaleQuestionDetails,class,5,8,3,5,21,2,0,11,0,0.75,0.0,0.0,12,0,12,0,0,0,12,0,0,0,7,4,0,3,0,4,4,0,3,74,7,1,4,0,0,14,7,22,5,19,2,0,0,0,95,1,0
./src/main/java/teammates/storage/api/DatastoreEmulatorRunner.java,teammates.storage.api.DatastoreEmulatorRunner,class,1,1,0,1,2,1,0,8,1,0.0,NaN,NaN,2,1,1,1,0,0,1,0,0,0,0,0,0,0,0,0,0,0,1,8,0,0,0,0,0,1,1,1,0,1,0,0,0,0,15,17,0
./src/main/java/teammates/ui/output/CoursesData.java,teammates.ui.output.CoursesData,class,3,3,0,3,2,2,0,4,0,0.0,0.0,0.0,2,0,2,0,0,0,2,0,0,0,1,0,0,1,0,0,1,0,1,9,1,0,0,0,0,0,0,1,0,1,0,0,0,0,17,1,0
./src/main/java/teammates/common/datatransfer/logs/QueryLogsParams.java,teammates.common.datatransfer.logs.QueryLogsParams,class,4,10,6,4,18,1,0,0,143,0.93055564,0.0,0.0,18,1,17,1,0,0,17,0,0,0,16,0,0,16,0,0,0,0,0,138,17,0,0,0,0,0,0,4,0,16,0,0,1,0,55,17,0
./src/main/java/teammates/common/util/Logger.java,teammates.common.util.Logger$Anonymous1,anonymous,0,0,0,0,0,1,0,0,0,0.0,-1.0,-1.0,0,0,0,0,0,0,0,0,0,0,0,0,0,0,0,0,0,0,0,2,0,0,0,0,0,0,0,0,0,0,0,0,0,0,0,-1,0
./src/main/java/teammates/common/util/Logger.java,teammates.common.util.Logger$Anonymous2,anonymous,0,0,0,0,0,1,0,0,0,0.0,-1.0,-1.0,0,0,0,0,0,0,0,0,0,0,0,0,0,0,0,0,0,0,0,2,0,0,0,0,0,0,0,0,0,0,0,0,0,0,0,-1,0
./src/main/java/teammates/ui/output/CommentVisibilityType.java,teammates.ui.output.CommentVisibilityType,enum,0,4,4,0,0,1,0,0,0,0.0,-1.0,-1.0,0,0,0,0,0,0,0,0,0,0,0,0,0,0,0,0,0,0,0,7,0,0,0,0,0,0,0,0,0,0,0,0,0,0,22,1,0
./src/main/java/teammates/common/util/StringHelper.java,teammates.common.util.StringHelper,class,6,28,22,6,34,1,0,51,171,0.94736844,0.0,0.0,19,18,16,1,0,2,18,0,0,0,1,1,0,1,0,0,1,0,27,120,25,1,7,3,0,12,11,18,7,20,2,0,0,4,200,17,0
./src/main/java/teammates/logic/external/LogService.java,teammates.logic.external.LogService,interface,3,6,3,3,3,1,0,0,3,0.0,0.0,0.0,3,0,0,0,0,3,3,0,0,0,0,0,0,0,0,0,0,0,0,5,0,0,0,0,0,0,0,0,0,0,0,0,0,0,34,1,0
./src/main/java/teammates/logic/api/AuthProxy.java,teammates.logic.api.AuthProxy,class,5,6,1,5,8,1,0,2,4,0.6,0.0,0.0,5,1,4,0,0,1,5,0,0,0,2,1,0,2,0,0,2,0,2,31,4,0,0,1,0,0,0,5,0,3,2,0,0,0,48,1,0
./src/main/java/teammates/common/datatransfer/questions/FeedbackNumericalScaleResponseDetails.java,teammates.common.datatransfer.questions.FeedbackNumericalScaleResponseDetails,class,2,5,3,2,4,2,0,1,0,0.0,0.0,0.0,4,0,4,0,0,0,4,0,0,0,1,0,0,1,0,0,0,0,1,16,2,0,0,0,0,0,0,2,0,1,0,0,0,0,19,1,0
./src/main/java/teammates/storage/api/DeadlineExtensionsDb.java,teammates.storage.api.DeadlineExtensionsDb,class,15,18,3,15,38,2,0,65,91,0.9285714,0.0,0.0,14,1,7,4,0,3,10,0,0,0,1,1,0,1,0,0,1,0,9,109,13,1,13,2,0,10,1,13,1,10,2,0,0,0,121,17,1
./src/main/java/teammates/ui/request/StudentsEnrollRequest.java,teammates.ui.request.StudentsEnrollRequest$StudentEnrollRequest,innerclass,1,1,0,1,13,2,0,2,0,0.5714286,0.0,0.0,7,0,7,0,0,0,7,0,0,0,5,0,0,5,0,0,0,0,0,36,5,0,5,0,0,5,0,5,0,5,0,0,0,0,29,9,0
./src/main/java/teammates/common/util/Config.java,teammates.common.util.Config,class,4,20,16,4,33,1,0,22,66,0.9650349,0.0,0.0,13,12,8,4,0,1,10,0,0,0,33,33,32,1,0,0,33,0,50,154,17,0,12,2,0,60,1,47,3,45,3,0,0,0,144,17,0
./src/main/java/teammates/ui/servlets/WebApiServlet.java,teammates.ui.servlets.WebApiServlet,class,9,10,1,9,20,2,0,25,19,0.71428573,0.0,0.0,7,0,4,3,0,0,4,0,0,0,1,1,0,1,0,0,1,0,1,93,0,0,2,1,0,13,1,22,8,9,3,0,0,0,89,1,0
./src/main/java/teammates/ui/output/OngoingSessionsData.java,teammates.ui.output.OngoingSessionsData,class,2,2,0,2,12,2,0,0,54,0.8333333,0.0,0.0,12,0,12,0,0,0,12,0,0,0,6,0,0,6,0,0,0,0,0,44,6,0,0,0,0,0,0,6,0,6,0,0,0,0,20,1,0
./src/main/java/teammates/common/datatransfer/questions/FeedbackRankOptionsResponseDetails.java,teammates.common.datatransfer.questions.FeedbackRankOptionsResponseDetails,class,2,6,4,2,7,2,0,6,0,0.2,0.0,0.0,5,0,5,0,0,0,5,0,0,0,1,0,0,1,0,0,0,0,0,27,3,1,1,0,0,0,2,4,1,3,2,0,0,0,33,1,0
./src/main/java/teammates/logic/api/StudentsLogicAPI.java,teammates.logic.api.StudentsLogicAPI,class,5,6,1,5,54,1,0,23,0,0.52272725,0.0,0.0,22,1,21,0,0,1,22,0,0,0,2,1,0,1,0,1,2,0,1,101,15,0,32,0,0,0,0,2,0,2,0,0,0,0,170,1,0
./src/main/java/teammates/ui/request/FeedbackResponseCommentUpdateRequest.java,teammates.ui.request.FeedbackResponseCommentUpdateRequest,class,2,2,0,2,1,3,0,0,0,0.0,NaN,NaN,1,0,1,0,0,0,1,0,0,0,0,0,0,0,0,0,0,0,0,5,0,0,0,0,0,0,0,0,0,0,0,0,0,0,17,1,0
./src/main/java/teammates/storage/api/CoursesDb.java,teammates.storage.api.CoursesDb,class,11,16,5,11,28,2,0,47,91,0.9285714,0.0,0.0,14,1,8,3,0,3,11,0,0,0,1,1,0,1,0,0,1,0,3,86,13,0,11,0,0,2,0,7,0,7,1,0,0,0,96,17,1
./src/main/java/teammates/ui/output/AccountRequestData.java,teammates.ui.output.AccountRequestData,class,3,4,1,3,8,2,0,7,9,0.7142858,0.0,0.0,7,0,7,0,0,0,7,0,0,0,6,0,0,6,0,0,6,0,0,39,6,0,1,0,0,0,0,7,0,6,1,0,0,0,28,1,0
./src/main/java/teammates/common/datatransfer/questions/FeedbackRankOptionsQuestionDetails.java,teammates.common.datatransfer.questions.FeedbackRankOptionsQuestionDetails,class,6,9,3,6,34,3,0,12,0,0.82954544,0.0,0.0,8,0,8,0,0,0,8,0,0,0,11,10,0,1,0,10,10,0,0,90,5,1,7,0,0,17,4,25,4,26,2,0,0,2,98,1,0
./src/main/java/teammates/common/datatransfer/logs/QueryLogsParams.java,teammates.common.datatransfer.logs.QueryLogsParams$Builder,innerclass,5,5,0,5,16,1,0,0,0,0.0,0.0,0.0,16,0,15,1,0,0,15,0,0,0,1,0,0,1,0,0,0,0,0,65,15,0,0,0,0,0,0,15,0,1,0,0,0,0,47,9,0
./src/main/java/teammates/common/exception/DeadlineExceededException.java,teammates.common.exception.DeadlineExceededException,class,0,1,1,0,0,4,0,0,0,0.0,-1.0,-1.0,0,0,0,0,0,0,0,0,0,0,0,0,0,0,0,0,0,0,0,2,0,0,0,0,0,0,0,0,0,0,0,0,0,0,17,1,0
./src/main/java/teammates/common/datatransfer/logs/InstanceLogDetails.java,teammates.common.datatransfer.logs.InstanceLogDetails,class,1,3,2,1,6,2,0,0,11,0.6666667,0.0,0.0,6,0,6,0,0,0,6,0,0,0,2,0,0,2,0,0,0,0,0,21,2,0,0,0,0,0,0,2,0,2,0,0,0,0,17,1,0
./src/main/java/teammates/ui/output/FeedbackSessionSubmissionStatus.java,teammates.ui.output.FeedbackSessionSubmissionStatus,enum,0,1,1,0,0,1,0,0,0,0.0,-1.0,-1.0,0,0,0,0,0,0,0,0,0,0,0,0,0,0,0,0,0,0,0,6,0,0,0,0,0,0,0,0,0,0,0,0,0,0,28,1,0
./src/main/java/teammates/ui/servlets/OAuth2CallbackServlet.java,teammates.ui.servlets.OAuth2CallbackServlet,class,18,19,1,18,19,3,0,54,0,0.0,NaN,NaN,4,0,0,3,1,0,1,0,0,0,1,1,0,1,0,0,1,0,8,116,8,0,9,3,0,20,0,28,2,21,2,1,1,0,80,1,1
./src/main/java/teammates/common/datatransfer/attributes/FeedbackSessionAttributes.java,teammates.common.datatransfer.attributes.FeedbackSessionAttributes$UpdateOptions$Builder,innerclass,4,4,0,4,9,2,0,1,28,0.0,0.0,0.0,8,0,6,2,0,0,6,0,0,0,0,0,0,0,0,0,0,0,5,34,6,0,1,0,0,0,0,7,0,0,0,0,0,0,22,9,0
./src/main/java/teammates/common/datatransfer/attributes/InstructorAttributes.java,teammates.common.datatransfer.attributes.InstructorAttributes$UpdateOptions,innerclass,2,2,0,2,1,1,0,1,0,0.0,NaN,NaN,1,0,1,0,0,0,1,0,0,0,6,0,0,0,0,6,0,0,6,11,1,0,0,0,0,7,0,6,2,6,0,0,0,0,28,10,0
./src/main/java/teammates/common/datatransfer/logs/LogDetails.java,teammates.common.datatransfer.logs.LogDetails,class,2,15,13,2,5,1,6,0,6,0.6,0.0,0.0,5,0,4,0,1,0,5,1,0,0,2,0,0,2,0,0,0,0,0,17,2,0,0,0,0,0,0,2,0,2,0,0,0,0,24,1025,0
./src/main/java/teammates/common/datatransfer/attributes/CourseAttributes.java,teammates.common.datatransfer.attributes.CourseAttributes$UpdateOptions$Builder,innerclass,3,3,0,3,2,2,0,0,1,0.0,NaN,NaN,2,0,1,1,0,0,1,0,0,0,0,0,0,0,0,0,0,0,0,9,1,0,0,0,0,0,0,1,0,0,0,0,0,0,9,9,0
./src/main/java/teammates/common/exception/EmailSendingException.java,teammates.common.exception.EmailSendingException,class,0,3,3,0,2,3,0,0,0,0.0,0.0,0.0,2,0,2,0,0,0,2,0,0,0,1,0,0,1,0,0,1,0,0,10,1,0,0,0,0,0,0,1,0,1,0,0,0,0,15,1,0
./src/main/java/teammates/ui/output/FeedbackQuestionRecipientsData.java,teammates.ui.output.FeedbackQuestionRecipientsData,class,3,3,0,3,2,2,0,4,0,0.0,0.0,0.0,2,0,2,0,0,0,2,0,0,0,1,0,0,1,0,0,0,0,1,14,1,0,0,0,0,0,0,1,0,3,1,0,0,1,19,1,0
./src/main/java/teammates/logic/api/FeedbackResponseCommentsLogicAPI.java,teammates.logic.api.FeedbackResponseCommentsLogicAPI,class,4,5,1,4,11,1,0,6,1,0.5714286,0.0,0.0,7,1,6,0,0,1,7,0,0,0,2,1,0,1,0,1,2,0,1,28,5,0,4,0,0,0,0,2,0,2,0,0,0,0,65,1,0
./src/main/java/teammates/ui/output/SessionVisibleSetting.java,teammates.ui.output.SessionVisibleSetting,enum,0,2,2,0,0,1,0,0,0,0.0,-1.0,-1.0,0,0,0,0,0,0,0,0,0,0,0,0,0,0,0,0,0,0,0,3,0,0,0,0,0,0,0,0,0,0,0,0,0,0,17,1,0
./src/main/java/teammates/common/datatransfer/questions/FeedbackRubricResponseDetails.java,teammates.common.datatransfer.questions.FeedbackRubricResponseDetails,class,1,4,3,1,4,2,0,1,0,0.0,0.0,0.0,4,0,4,0,0,0,4,0,0,0,1,0,0,1,0,0,0,0,0,16,2,0,0,0,0,0,0,2,0,1,0,0,0,0,34,1,0
./src/main/java/teammates/common/datatransfer/attributes/InstructorAttributes.java,teammates.common.datatransfer.attributes.InstructorAttributes$UpdateOptionsWithEmail$Builder,innerclass,4,4,0,4,3,2,0,1,0,0.0,0.0,0.0,3,0,2,1,0,0,2,0,0,0,1,0,0,1,0,0,0,0,1,15,2,0,0,0,0,0,0,3,0,1,0,0,0,0,13,9,0
./src/main/java/teammates/common/datatransfer/TeamEvalResult.java,teammates.common.datatransfer.TeamEvalResult,class,5,7,2,5,77,1,0,58,438,0.8989899,0.0,0.0,33,27,2,21,0,10,12,0,0,0,9,4,8,1,0,0,4,0,98,269,33,16,21,0,2,39,32,91,38,80,2,0,0,4,161,1,0
./src/main/java/teammates/common/datatransfer/attributes/InstructorAttributes.java,teammates.common.datatransfer.attributes.InstructorAttributes$UpdateOptionsWithGoogleId,innerclass,3,3,0,3,6,3,0,3,0,0.41666666,0.0,0.0,4,0,3,1,0,0,3,0,0,0,3,0,0,3,0,0,0,0,2,37,3,0,2,0,0,3,0,3,1,3,0,0,1,0,27,9,0
./src/main/java/teammates/common/datatransfer/InstructorPrivilegesLegacy.java,teammates.common.datatransfer.InstructorPrivilegesLegacy,class,0,2,2,0,4,1,0,0,0,0.5,0.0,0.0,4,0,4,0,0,0,4,0,0,0,3,0,0,3,0,0,3,0,0,19,3,0,0,0,0,0,0,3,0,3,0,0,0,0,35,1,0
./src/main/java/teammates/ui/request/InstructorCreateRequest.java,teammates.ui.request.InstructorCreateRequest,class,3,3,0,3,12,2,0,3,6,0.6666667,0.0,0.0,8,0,8,0,0,0,8,0,0,0,6,0,0,6,0,0,0,0,1,40,6,0,4,0,0,4,0,6,0,6,0,0,0,0,38,1,0
./src/main/java/teammates/ui/output/UsageStatisticsData.java,teammates.ui.output.UsageStatisticsData,class,2,3,1,2,10,2,0,10,27,0.8000001,0.0,0.0,10,0,10,0,0,0,10,0,0,0,9,0,0,9,0,0,9,0,0,49,9,0,0,0,0,0,0,9,0,9,0,0,0,0,30,1,0
./src/main/java/teammates/common/exception/InstructorUpdateException.java,teammates.common.exception.InstructorUpdateException,class,0,1,1,0,1,3,0,0,0,0.0,NaN,NaN,1,0,1,0,0,0,1,0,0,0,0,0,0,0,0,0,0,0,0,5,0,0,0,0,0,0,0,0,0,0,0,0,0,0,10,1,0
./src/main/java/teammates/logic/core/AccountRequestsLogic.java,teammates.logic.core.AccountRequestsLogic,class,5,9,4,5,11,1,0,9,0,0.5909091,0.0,0.0,11,1,8,1,0,2,10,0,0,0,2,1,0,2,0,0,2,0,1,35,7,0,0,0,0,0,0,2,0,2,0,0,0,0,99,17,0
./src/main/java/teammates/common/datatransfer/attributes/InstructorAttributes.java,teammates.common.datatransfer.attributes.InstructorAttributes$UpdateOptionsWithGoogleId$Builder,innerclass,4,4,0,4,4,2,0,1,0,0.0,0.0,0.0,3,0,2,1,0,0,2,0,0,0,1,0,0,1,0,0,0,0,1,16,2,0,1,0,0,0,0,3,0,1,0,0,0,0,14,9,0
./src/main/java/teammates/logic/api/FeedbackSessionsLogicAPI.java,teammates.logic.api.FeedbackSessionsLogicAPI,class,5,6,1,5,50,1,0,23,0,0.5208333,0.0,0.0,24,1,23,0,0,1,24,0,0,0,2,1,0,1,0,1,2,0,1,101,20,0,26,0,0,0,0,2,0,2,0,0,0,0,163,1,0
./src/main/java/teammates/common/datatransfer/questions/FeedbackMsqQuestionDetails.java,teammates.common.datatransfer.questions.FeedbackMsqQuestionDetails,class,6,11,5,6,91,2,0,21,103,0.89636374,0.0,0.0,22,0,22,0,0,0,22,0,0,0,25,17,0,8,0,17,17,0,0,216,18,1,21,0,3,26,11,49,12,44,3,0,0,3,135,1,0
./src/main/java/teammates/ui/servlets/HealthCheckServlet.java,teammates.ui.servlets.HealthCheckServlet,class,3,3,0,3,1,2,0,3,0,0.0,NaN,NaN,1,0,1,0,0,0,1,0,0,0,0,0,0,0,0,0,0,0,0,6,0,0,0,0,0,1,0,0,0,0,0,0,0,0,42,1,0
./src/main/java/teammates/common/util/Const.java,teammates.common.util.Const$ResourceURIs,innerclass,0,0,0,0,0,1,0,0,0,NaN,-1.0,-1.0,0,0,0,0,0,0,0,0,0,0,58,58,57,1,0,0,58,0,0,60,0,0,0,0,0,58,0,58,57,58,0,0,0,0,48,9,0
./src/main/java/teammates/ui/output/CourseData.java,teammates.ui.output.CourseData,class,5,7,2,5,13,2,0,8,44,0.80952376,0.0,0.0,12,0,12,0,0,0,12,0,0,0,7,0,0,7,0,0,4,0,0,52,7,0,1,0,0,0,1,9,0,7,1,0,0,0,42,1,0
./src/main/java/teammates/ui/output/FeedbackSessionPublishStatus.java,teammates.ui.output.FeedbackSessionPublishStatus,enum,0,1,1,0,0,1,0,0,0,0.0,-1.0,-1.0,0,0,0,0,0,0,0,0,0,0,0,0,0,0,0,0,0,0,0,3,0,0,0,0,0,0,0,0,0,0,0,0,0,0,28,1,0
./src/main/java/teammates/ui/request/CourseBasicRequest.java,teammates.ui.request.CourseBasicRequest,class,1,3,2,1,7,2,2,1,0,0.4,0.0,0.0,5,0,5,0,0,0,5,0,0,0,2,0,0,2,0,0,0,0,0,20,2,0,2,0,0,2,0,2,0,2,0,0,0,0,28,1,0
./src/main/java/teammates/common/datatransfer/attributes/FeedbackResponseCommentAttributes.java,teammates.common.datatransfer.attributes.FeedbackResponseCommentAttributes$UpdateOptions$Builder,innerclass,4,4,0,4,6,2,0,2,6,0.0,0.0,0.0,4,0,3,1,0,0,3,0,0,0,0,0,0,0,0,0,0,0,2,19,3,0,2,0,0,0,0,3,0,0,0,0,0,0,22,9,0
./src/main/java/teammates/ui/output/ActionClasses.java,teammates.ui.output.ActionClasses,class,1,1,0,1,2,2,0,0,0,0.0,0.0,0.0,2,0,2,0,0,0,2,0,0,0,1,0,0,1,0,0,1,0,0,9,1,0,0,0,0,0,0,1,0,1,0,0,0,0,15,1,0
./src/main/java/teammates/ui/output/FeedbackQuestionRecipientData.java,teammates.ui.output.FeedbackQuestionRecipientData,class,3,4,1,3,5,2,0,4,2,0.6,0.0,0.0,5,0,5,0,0,0,5,0,0,0,4,0,0,4,0,0,0,0,0,24,4,0,0,0,0,0,0,4,0,4,0,0,0,0,22,1,0
./src/main/java/teammates/common/datatransfer/logs/EmailSentLogDetails.java,teammates.common.datatransfer.logs.EmailSentLogDetails,class,3,5,2,3,14,2,0,0,67,0.82142854,0.0,0.0,14,0,14,0,0,0,14,0,0,0,6,0,0,6,0,0,0,0,0,52,6,0,0,0,0,0,0,9,0,6,0,0,0,0,24,1,0
./src/main/java/teammates/storage/entity/BaseEntity.java,teammates.storage.entity.BaseEntity$InstantTranslatorFactory$Anonymous1,anonymous,3,3,0,3,4,1,0,5,1,0.0,0.0,0.0,2,0,0,0,2,0,2,0,0,0,0,0,0,0,0,0,0,0,0,8,2,0,2,0,0,0,0,0,0,0,0,0,0,0,11,-1,0
./src/main/java/teammates/common/util/Const.java,teammates.common.util.Const$LegacyURIs,innerclass,0,0,0,0,0,1,0,0,0,NaN,-1.0,-1.0,0,0,0,0,0,0,0,0,0,0,9,9,9,0,0,0,9,0,0,11,0,0,0,0,0,9,0,9,0,9,0,0,0,0,38,9,0
./src/main/java/teammates/ui/output/FeedbackSessionLogData.java,teammates.ui.output.FeedbackSessionLogData,class,5,6,1,5,3,1,0,6,0,0.33333334,0.0,0.0,3,0,3,0,0,0,3,0,0,0,2,0,0,2,0,0,2,0,1,16,2,0,0,0,0,0,0,4,0,5,0,0,0,1,22,1,0
./src/main/java/teammates/common/datatransfer/logs/RequestLogUser.java,teammates.common.datatransfer.logs.RequestLogUser,class,0,7,7,0,6,1,0,0,9,0.6666667,0.0,0.0,6,0,6,0,0,0,6,0,0,0,3,0,0,3,0,0,0,0,0,23,3,0,0,0,0,0,0,3,0,3,0,0,0,0,21,1,0
./src/main/java/teammates/common/datatransfer/attributes/UsageStatisticsAttributes.java,teammates.common.datatransfer.attributes.UsageStatisticsAttributes,class,4,11,7,4,22,2,0,13,55,0.74269,0.0,0.0,19,2,18,1,0,0,18,0,0,0,9,0,0,9,0,0,2,0,2,135,20,0,3,0,1,4,0,19,2,12,1,0,1,0,56,17,0
./src/main/java/teammates/common/util/Url.java,teammates.common.util.Url,class,4,14,10,4,16,1,1,11,3,0.5555556,0.0,0.0,6,1,5,0,0,1,6,0,0,0,3,0,0,3,0,0,2,0,3,37,6,0,3,1,1,14,0,7,8,5,1,0,0,0,76,1,0
./src/main/java/teammates/common/util/Const.java,teammates.common.util.Const$CronJobURIs,innerclass,0,0,0,0,0,1,0,0,0,NaN,-1.0,-1.0,0,0,0,0,0,0,0,0,0,0,9,9,8,1,0,0,9,0,0,11,0,0,0,0,0,9,0,9,8,9,0,0,0,0,30,9,0
./src/main/java/teammates/common/datatransfer/questions/FeedbackContributionResponseDetails.java,teammates.common.datatransfer.questions.FeedbackContributionResponseDetails,class,1,4,3,1,4,2,0,1,0,0.0,0.0,0.0,4,0,4,0,0,0,4,0,0,0,1,0,0,1,0,0,0,0,1,16,2,0,0,0,0,0,0,2,0,1,0,0,0,0,25,1,0
./src/main/java/teammates/common/datatransfer/attributes/InstructorAttributes.java,teammates.common.datatransfer.attributes.InstructorAttributes$BasicBuilder,innerclass,6,6,0,6,12,1,0,3,0,0.1875,0.0,0.0,8,0,7,0,0,1,8,1,0,0,2,0,0,0,0,2,0,0,6,36,6,0,4,0,0,0,0,7,0,2,0,0,0,0,36,1034,0
./src/main/java/teammates/common/util/HttpRequest.java,teammates.common.util.HttpRequest,class,6,8,2,6,3,1,0,10,1,0.5,NaN,NaN,2,1,1,1,0,0,1,0,0,0,1,1,0,1,0,0,1,0,0,18,1,0,1,0,0,0,1,6,0,6,1,0,0,0,42,17,0
./src/main/java/teammates/ui/request/FeedbackSessionBasicRequest.java,teammates.ui.request.FeedbackSessionBasicRequest,class,5,7,2,5,31,2,2,3,127,0.8578948,0.0,0.0,19,0,19,0,0,0,19,0,0,0,10,0,0,10,0,0,0,0,5,97,11,0,7,0,0,11,4,10,0,10,1,0,0,0,65,1,0
./src/main/java/teammates/common/datatransfer/attributes/AccountRequestAttributes.java,teammates.common.datatransfer.attributes.AccountRequestAttributes$BasicBuilder,innerclass,5,5,0,5,3,1,0,1,1,0.5,0.0,0.0,3,0,2,0,0,1,3,1,0,0,2,0,0,0,0,2,0,0,1,12,1,0,0,0,0,0,0,2,0,2,0,0,0,0,25,1034,0
./src/main/java/teammates/ui/output/SessionResultsData.java,teammates.ui.output.SessionResultsData$CommentOutput$Builder,innerclass,4,4,0,4,6,1,0,0,0,0.0,0.0,0.0,6,0,0,1,0,5,5,0,0,0,1,0,0,1,0,0,1,0,0,25,5,0,0,0,0,0,0,5,0,1,0,0,0,0,16,25,0
./src/main/java/teammates/ui/output/FeedbackResponsesData.java,teammates.ui.output.FeedbackResponsesData,class,3,3,0,3,4,2,0,5,0,0.0,0.0,0.0,4,0,4,0,0,0,4,0,0,0,1,0,0,1,0,0,0,0,2,15,1,0,0,0,0,0,0,3,0,1,0,0,0,0,19,1,0
./src/main/java/teammates/ui/request/StudentsEnrollRequest.java,teammates.ui.request.StudentsEnrollRequest,class,2,2,0,2,5,3,0,7,0,0.44444445,0.0,0.0,3,0,3,0,0,0,3,0,0,0,3,2,0,3,0,0,2,0,1,58,1,2,0,0,0,3,0,4,1,4,1,0,1,0,52,1,0
./src/main/java/teammates/ui/servlets/RequestTraceFilter.java,teammates.ui.servlets.RequestTraceFilter,class,12,13,1,12,11,1,0,17,6,0.75,0.0,0.0,4,0,3,1,0,0,3,0,0,0,1,1,0,1,0,0,1,0,2,52,2,0,3,1,0,12,10,13,2,11,2,0,0,0,60,1,0
./src/main/java/teammates/common/datatransfer/questions/FeedbackConstantSumQuestionDetails.java,teammates.common.datatransfer.questions.FeedbackConstantSumQuestionDetails,class,8,12,4,8,78,2,0,23,182,0.917857,0.0,0.0,28,0,23,5,0,0,23,0,0,0,30,22,0,8,0,22,22,0,7,268,33,6,13,0,2,26,8,64,12,51,3,0,0,0,137,1,0
./src/main/java/teammates/common/datatransfer/logs/DefaultLogDetails.java,teammates.common.datatransfer.logs.DefaultLogDetails,class,1,2,1,1,2,2,0,1,1,0.0,0.0,0.0,2,0,2,0,0,0,2,0,0,0,0,0,0,0,0,0,0,0,0,8,0,0,0,0,0,0,0,0,0,0,0,0,0,0,19,1,0
./src/main/java/teammates/logic/external/GoogleCloudLoggingService.java,teammates.logic.external.GoogleCloudLoggingService,class,22,24,2,22,52,1,0,83,17,0.7714286,0.0,0.0,7,0,3,4,0,0,3,0,0,0,5,5,0,5,0,0,5,0,13,223,11,3,36,2,4,53,3,50,22,47,3,0,1,1,98,1,0
./src/main/java/teammates/ui/output/AccountRequestsData.java,teammates.ui.output.AccountRequestsData,class,2,2,0,2,3,2,0,0,0,0.0,0.0,0.0,3,0,3,0,0,0,3,0,0,0,1,0,0,1,0,0,0,0,0,12,1,0,0,0,0,0,0,2,0,1,0,0,0,0,17,1,0
./src/main/java/teammates/common/util/Logger.java,teammates.common.util.Logger,class,15,55,40,15,43,1,0,89,195,0.79545456,0.0,0.0,22,1,12,10,0,0,12,0,0,0,2,0,0,2,0,0,2,0,29,209,14,3,11,1,0,31,8,47,10,45,3,3,0,1,137,17,2
./src/main/java/teammates/common/util/RequestTracer.java,teammates.common.util.RequestTracer,class,3,9,6,3,12,1,0,5,1,0.2857143,0.0,0.0,7,6,5,2,0,0,5,0,0,0,1,1,0,1,0,0,1,0,3,54,8,0,4,0,0,0,3,6,2,6,1,0,1,0,59,17,0
./src/main/java/teammates/ui/output/FeedbackSessionSubmittedGiverSet.java,teammates.ui.output.FeedbackSessionSubmittedGiverSet,class,1,1,0,1,2,2,0,0,0,0.0,0.0,0.0,2,0,2,0,0,0,2,0,0,0,1,0,0,1,0,0,1,0,0,9,1,0,0,0,0,0,0,1,0,1,0,0,0,0,23,1,0
./src/main/java/teammates/common/datatransfer/questions/FeedbackMsqResponseDetails.java,teammates.common.datatransfer.questions.FeedbackMsqResponseDetails,class,2,5,3,2,8,2,0,1,4,0.5833333,0.0,0.0,8,0,8,0,0,0,8,0,0,0,3,0,0,3,0,0,0,0,1,32,4,0,0,0,0,2,0,6,0,3,0,0,0,0,26,1,0
./src/main/java/teammates/common/datatransfer/attributes/DeadlineExtensionAttributes.java,teammates.common.datatransfer.attributes.DeadlineExtensionAttributes$BasicBuilder,innerclass,5,5,0,5,6,1,0,2,0,0.375,0.0,0.0,4,0,3,0,0,1,4,1,0,0,2,0,0,0,0,2,0,0,2,18,2,0,2,0,0,0,0,3,0,2,0,0,0,0,31,1034,0
./src/main/java/teammates/storage/search/AccountRequestSearchDocument.java,teammates.storage.search.AccountRequestSearchDocument,class,2,3,1,2,2,2,0,5,1,0.0,0.0,0.0,2,0,0,0,0,2,2,0,0,0,0,0,0,0,0,0,0,0,1,17,1,0,0,0,0,5,0,5,1,5,0,0,0,0,23,0,0
./src/main/java/teammates/ui/request/FeedbackSessionUpdateRequest.java,teammates.ui.request.FeedbackSessionUpdateRequest,class,1,1,0,1,4,3,0,6,2,0.5,0.0,0.0,4,0,4,0,0,0,4,0,0,0,2,0,0,2,0,0,0,0,4,16,2,0,0,0,0,0,0,2,0,4,0,0,0,2,21,1,0
./src/main/java/teammates/logic/core/InstructorsLogic.java,teammates.logic.core.InstructorsLogic,class,22,34,12,22,56,1,0,81,0,0.8348214,0.0,0.0,28,1,24,1,0,3,27,0,0,0,8,2,0,8,0,0,3,0,14,196,18,5,12,3,1,8,3,36,4,35,4,0,0,0,261,17,0
./src/main/java/teammates/common/datatransfer/attributes/AccountAttributes.java,teammates.common.datatransfer.attributes.AccountAttributes$Builder,innerclass,4,4,0,4,6,2,0,1,0,0.0,0.0,0.0,4,0,3,1,0,0,3,0,0,0,1,0,0,1,0,0,0,0,0,22,3,0,2,0,0,0,0,4,0,1,0,0,0,0,20,9,0
./src/main/java/teammates/ui/output/EnrollStudentsData.java,teammates.ui.output.EnrollStudentsData$EnrollErrorResults,innerclass,0,0,0,0,5,1,0,0,0,0.4,0.0,0.0,5,0,5,0,0,0,5,0,0,0,2,0,0,2,0,0,0,0,0,20,2,0,0,0,0,0,0,4,0,2,0,0,0,0,14,9,0
./src/main/java/teammates/logic/core/StudentsLogic.java,teammates.logic.core.StudentsLogic,class,15,27,12,15,77,1,0,78,269,0.89458686,0.0,0.0,39,1,28,8,0,3,31,0,0,0,9,5,0,5,0,4,6,0,12,254,35,9,10,1,0,9,10,37,5,36,3,0,0,0,258,17,0
./src/main/java/teammates/ui/output/AccountsData.java,teammates.ui.output.AccountsData,class,3,3,0,3,2,2,0,4,0,0.0,0.0,0.0,2,0,2,0,0,0,2,0,0,0,1,0,0,1,0,0,0,0,1,9,1,0,0,0,0,0,0,1,0,1,0,0,0,0,17,1,0
./src/main/java/teammates/common/util/JsonUtils.java,teammates.common.util.JsonUtils$LogDetailsAdapter,innerclass,7,7,0,7,4,1,0,9,1,0.0,0.0,0.0,2,0,2,0,0,0,2,0,0,0,0,0,0,0,0,0,0,0,1,20,2,0,0,1,0,2,0,3,0,1,2,0,0,0,18,10,0
./src/main/java/teammates/common/util/Templates.java,teammates.common.util.Templates$EmailTemplates,innerclass,1,1,0,1,0,1,0,1,0,NaN,-1.0,-1.0,0,0,0,0,0,0,0,0,0,0,30,30,30,0,0,0,30,0,30,32,0,0,0,0,0,30,0,30,0,30,0,0,0,0,36,9,0
./src/main/java/teammates/storage/search/SearchDocument.java,teammates.storage.search.SearchDocument,class,2,6,4,2,2,1,0,0,1,0.5,0.0,0.0,2,0,0,0,0,2,2,1,0,0,1,0,0,0,0,1,1,0,0,7,0,0,0,0,0,0,0,1,0,1,0,0,0,0,20,1024,0
./src/main/java/teammates/ui/request/FeedbackResponseCommentBasicRequest.java,teammates.ui.request.FeedbackResponseCommentBasicRequest,class,4,7,3,4,13,2,2,6,5,0.61111116,0.0,0.0,6,0,4,1,0,1,5,0,0,0,3,0,0,3,0,0,0,0,1,45,11,0,1,0,0,2,0,3,1,4,2,0,0,1,42,0,0
./src/main/java/teammates/ui/output/SessionResultsData.java,teammates.ui.output.SessionResultsData,class,19,20,1,19,44,4,0,89,49,0.8181819,0.0,0.0,11,9,3,7,0,1,4,0,0,0,2,1,0,1,0,1,2,0,22,418,10,3,14,0,5,10,0,94,2,70,4,0,3,4,103,1,0
./src/main/java/teammates/ui/output/GeneralLogsData.java,teammates.ui.output.GeneralLogsData,class,3,3,0,3,3,2,0,2,0,0.33333334,0.0,0.0,3,0,3,0,0,0,3,0,0,0,2,0,0,2,0,0,2,0,0,14,2,0,0,0,0,0,0,2,0,2,0,0,0,0,24,1,0
./src/main/java/teammates/common/datatransfer/logs/ExceptionLogDetails.java,teammates.common.datatransfer.logs.ExceptionLogDetails,class,3,7,4,3,12,2,0,1,52,0.8166666,0.0,0.0,12,0,12,0,0,0,12,0,0,0,5,0,0,5,0,0,0,0,0,44,5,0,0,0,0,0,0,6,0,5,0,0,0,0,26,1,0
./src/main/java/teammates/storage/api/StudentsDb.java,teammates.storage.api.StudentsDb,class,18,22,4,18,81,2,0,105,849,0.9444445,0.0,0.0,42,1,24,14,0,4,28,0,0,0,3,3,0,3,0,0,3,0,12,234,43,3,25,0,0,26,5,21,4,22,2,0,0,2,201,17,1
./src/main/java/teammates/ui/constants/ApiConst.java,teammates.ui.constants.ApiConst,enum,1,1,0,1,2,1,0,1,0,0.0,0.0,0.0,2,0,1,0,0,1,2,0,0,0,1,0,0,1,0,0,1,0,0,8,1,0,0,0,0,0,0,1,0,1,0,0,0,0,39,1,0
./src/main/java/teammates/common/datatransfer/attributes/FeedbackResponseAttributes.java,teammates.common.datatransfer.attributes.FeedbackResponseAttributes$UpdateOptions,innerclass,4,4,0,4,4,2,0,2,0,0.5555556,0.0,0.0,3,0,2,1,0,0,2,0,0,0,6,0,0,6,0,0,0,0,6,42,2,0,1,0,0,8,0,6,2,6,0,0,1,0,24,9,0
./src/main/java/teammates/common/exception/InvalidParametersException.java,teammates.common.exception.InvalidParametersException,class,1,18,17,1,3,3,0,1,3,0.0,0.0,0.0,3,0,3,0,0,0,3,0,0,0,0,0,0,0,0,0,0,0,1,11,0,0,0,0,0,1,0,0,0,0,0,0,0,0,15,1,0
./src/main/java/teammates/common/util/JsonUtils.java,teammates.common.util.JsonUtils$InstantAdapter,innerclass,6,6,0,6,2,1,0,3,1,0.0,0.0,0.0,2,0,2,0,0,0,2,0,0,0,0,0,0,0,0,0,0,0,1,12,2,0,0,0,0,0,0,0,0,0,1,0,0,0,13,10,0
./src/main/java/teammates/ui/servlets/DevServerLoginServlet.java,teammates.ui.servlets.DevServerLoginServlet,class,8,9,1,8,9,3,0,16,1,0.0,0.0,0.0,2,0,2,0,0,0,2,0,0,0,0,0,0,0,0,0,0,0,5,44,4,0,4,0,0,15,0,14,1,10,1,0,0,0,35,1,0
./src/main/java/teammates/ui/servlets/WebSecurityHeaderFilter.java,teammates.ui.servlets.WebSecurityHeaderFilter,class,6,6,0,6,4,1,0,4,3,0.8333334,0.0,0.0,3,0,3,0,0,0,3,0,0,0,2,2,0,2,0,0,2,0,2,17,0,0,0,0,0,23,0,3,1,3,0,0,0,0,45,1,0
./src/main/java/teammates/logic/external/LocalLoggingService.java,teammates.logic.external.LocalLoggingService$Anonymous1,anonymous,0,0,0,0,0,1,0,0,0,0.0,-1.0,-1.0,0,0,0,0,0,0,0,0,0,0,0,0,0,0,0,0,0,0,0,2,0,0,0,0,0,0,0,0,0,0,0,0,0,0,0,-1,0
./src/main/java/teammates/common/datatransfer/attributes/StudentAttributes.java,teammates.common.datatransfer.attributes.StudentAttributes$UpdateOptions$Builder,innerclass,4,4,0,4,4,2,0,1,3,0.0,0.0,0.0,3,0,2,1,0,0,2,0,0,0,0,0,0,0,0,0,0,0,1,14,2,0,1,0,0,0,0,2,0,0,0,0,0,0,13,9,0
./src/main/java/teammates/logic/api/EmailGenerator.java,teammates.logic.api.EmailGenerator,class,21,22,1,21,125,1,0,146,1159,0.94485295,0.0,0.0,51,1,23,28,0,0,23,0,0,0,16,12,0,16,0,0,16,0,139,512,55,13,21,0,3,187,8,170,11,162,3,0,0,9,308,17,0
./src/main/java/teammates/common/datatransfer/attributes/NotificationAttributes.java,teammates.common.datatransfer.attributes.NotificationAttributes$BasicBuilder,innerclass,7,7,0,7,15,1,0,5,0,0.16666667,0.0,0.0,9,0,8,0,0,1,9,1,0,0,2,0,0,0,0,2,0,0,7,42,7,0,6,0,0,0,0,8,0,2,0,0,0,0,39,1034,0
./src/main/java/teammates/logic/external/TaskQueueService.java,teammates.logic.external.TaskQueueService,interface,1,4,3,1,1,1,0,0,0,0.0,NaN,NaN,1,0,0,0,0,1,1,0,0,0,0,0,0,0,0,0,0,0,0,3,0,0,0,0,0,0,0,0,0,0,0,0,0,0,28,1,0
./src/main/java/teammates/storage/api/OfyHelper.java,teammates.storage.api.OfyHelper,class,18,19,1,18,5,1,0,12,6,0.0,0.0,0.0,4,2,3,1,0,0,3,0,0,0,0,0,0,0,0,0,0,0,2,30,0,0,0,0,0,1,0,1,1,1,1,0,0,0,26,1,0
./src/main/java/teammates/main/Application.java,teammates.main.Application,class,8,9,1,8,3,1,0,18,1,1.0,NaN,NaN,2,1,1,1,0,0,1,0,0,0,1,1,0,1,0,0,1,0,4,40,0,0,0,0,0,6,0,7,0,7,1,1,0,0,48,17,0
./src/main/java/teammates/ui/output/InstructorPermissionRole.java,teammates.ui.output.InstructorPermissionRole,enum,1,4,3,1,8,1,0,0,1,0.33333334,0.0,0.0,3,1,2,0,0,1,3,0,0,0,1,0,0,1,0,0,0,0,0,29,7,0,0,0,0,0,0,1,0,1,1,0,0,0,29,1,0
./src/main/java/teammates/common/datatransfer/attributes/NotificationAttributes.java,teammates.common.datatransfer.attributes.NotificationAttributes,class,13,22,9,13,37,3,0,34,291,0.7999999,0.0,0.0,34,5,33,1,0,0,33,0,0,0,10,0,0,10,0,0,0,0,13,250,23,0,3,0,0,2,0,42,0,21,1,0,3,7,98,17,0
./src/main/java/teammates/common/datatransfer/attributes/FeedbackResponseAttributes.java,teammates.common.datatransfer.attributes.FeedbackResponseAttributes$Builder,innerclass,4,4,0,4,9,2,0,1,0,0.0,0.0,0.0,4,0,3,1,0,0,3,0,0,0,1,0,0,1,0,0,0,0,0,25,3,0,5,0,0,1,0,4,0,1,0,0,0,0,25,9,0
./src/main/java/teammates/ui/output/SessionLinksRecoveryResponseData.java,teammates.ui.output.SessionLinksRecoveryResponseData,class,1,1,0,1,3,2,0,0,0,0.33333334,0.0,0.0,3,0,3,0,0,0,3,0,0,0,2,0,0,2,0,0,2,0,0,14,2,0,0,0,0,0,0,2,0,2,0,0,0,0,19,1,0
./src/main/java/teammates/storage/api/EntitiesDb.java,teammates.storage.api.EntitiesDb,class,11,37,26,11,34,1,0,34,100,0.90625,0.0,0.0,16,0,3,1,0,12,15,3,0,0,4,4,0,0,0,4,4,0,11,106,13,5,7,2,0,9,0,9,4,9,2,0,0,0,138,1024,5
./src/main/java/teammates/ui/request/ErrorReportRequest.java,teammates.ui.request.ErrorReportRequest,class,1,1,0,1,8,2,0,1,0,0.4,0.0,0.0,5,0,5,0,0,0,5,0,0,0,3,0,0,3,0,0,0,0,0,24,3,0,3,0,0,3,0,3,0,3,0,0,0,0,28,1,0
./src/main/java/teammates/ui/constants/ResourceEndpoints.java,teammates.ui.constants.ResourceEndpoints,enum,1,1,0,1,2,1,0,0,0,0.0,0.0,0.0,2,0,1,0,0,1,2,0,0,0,1,0,0,1,0,0,1,0,0,8,1,0,0,0,0,0,0,1,0,1,0,0,0,0,33,1,0
./src/main/java/teammates/logic/core/FeedbackResponsesLogic.java,teammates.logic.core.FeedbackResponsesLogic$UniqueResponsesSet,innerclass,1,1,0,1,5,1,0,5,0,0.375,-1.0,-1.0,4,0,0,4,0,0,0,0,0,0,2,0,0,2,0,0,2,0,0,21,2,0,0,0,0,0,0,2,0,2,1,0,0,0,16,10,0
./src/main/java/teammates/common/datatransfer/logs/SourceLocation.java,teammates.common.datatransfer.logs.SourceLocation,class,1,9,8,1,8,1,0,6,0,0.33333334,0.0,0.0,6,0,6,0,0,0,6,0,0,0,3,0,0,3,0,0,3,0,1,32,7,0,1,0,0,0,0,4,0,4,1,0,0,0,27,1,0
./src/main/java/teammates/common/datatransfer/attributes/FeedbackResponseAttributes.java,teammates.common.datatransfer.attributes.FeedbackResponseAttributes,class,14,30,16,14,40,3,0,35,245,0.7941177,0.0,0.0,34,4,32,2,0,0,32,0,0,0,11,0,0,11,0,0,0,0,10,256,28,0,6,0,0,8,0,39,1,19,1,0,3,4,90,17,0
./src/main/java/teammates/common/datatransfer/FeedbackQuestionRecipient.java,teammates.common.datatransfer.FeedbackQuestionRecipient,class,1,6,5,1,15,1,0,3,0,0.4375,0.0,0.0,8,0,8,0,0,0,8,0,0,0,4,0,0,4,0,0,0,0,4,51,9,0,7,0,4,0,6,11,8,7,1,0,0,0,28,17,0
./src/main/java/teammates/common/datatransfer/logs/FeedbackSessionAuditLogDetails.java,teammates.common.datatransfer.logs.FeedbackSessionAuditLogDetails,class,2,4,2,2,10,2,0,0,25,0.725,0.0,0.0,10,0,10,0,0,0,10,0,0,0,4,0,0,4,0,0,0,0,0,38,4,0,0,0,0,0,0,7,0,4,0,0,0,0,30,1,0
./src/main/java/teammates/common/datatransfer/attributes/InstructorAttributes.java,teammates.common.datatransfer.attributes.InstructorAttributes$UpdateOptionsWithEmail,innerclass,3,3,0,3,6,3,0,3,0,0.5,0.0,0.0,4,0,3,1,0,0,3,0,0,0,3,0,0,3,0,0,0,0,2,36,3,0,2,0,0,2,0,3,1,3,0,0,1,0,27,9,0
./src/main/java/teammates/common/datatransfer/questions/FeedbackRankRecipientsResponseDetails.java,teammates.common.datatransfer.questions.FeedbackRankRecipientsResponseDetails,class,6,11,5,6,20,2,0,10,0,0.0,0.0,0.0,5,1,5,0,0,0,5,0,0,0,1,0,0,1,0,0,0,0,2,84,4,6,0,0,2,0,7,23,3,11,4,0,0,0,61,1,0
./src/main/java/teammates/common/datatransfer/attributes/FeedbackResponseAttributes.java,teammates.common.datatransfer.attributes.FeedbackResponseAttributes$UpdateOptions$Builder,innerclass,5,5,0,5,8,2,0,2,10,0.0,0.0,0.0,5,0,4,1,0,0,4,0,0,0,0,0,0,0,0,0,0,0,3,24,4,0,3,0,0,0,0,4,0,0,0,0,0,0,20,9,0
./src/main/java/teammates/common/util/Const.java,teammates.common.util.Const$HeaderNames,innerclass,0,0,0,0,0,1,0,0,0,NaN,-1.0,-1.0,0,0,0,0,0,0,0,0,0,0,4,4,4,0,0,0,4,0,0,6,0,0,0,0,0,4,0,4,0,4,0,0,0,0,26,9,0
./src/main/java/teammates/common/datatransfer/attributes/AccountAttributes.java,teammates.common.datatransfer.attributes.AccountAttributes,class,10,22,12,10,25,3,0,16,0,0.6090909,0.0,0.0,22,3,21,1,0,0,21,0,0,0,5,0,0,5,0,0,0,0,9,159,17,0,3,0,1,4,0,23,2,10,1,0,3,1,66,17,0
./src/main/java/teammates/common/datatransfer/attributes/FeedbackQuestionAttributes.java,teammates.common.datatransfer.attributes.FeedbackQuestionAttributes$UpdateOptions$Builder,innerclass,3,3,0,3,2,2,0,0,1,0.0,NaN,NaN,2,0,1,1,0,0,1,0,0,0,0,0,0,0,0,0,0,0,0,9,1,0,0,0,0,0,0,1,0,0,0,0,0,0,10,9,0
./src/main/java/teammates/ui/request/FeedbackSessionCreateRequest.java,teammates.ui.request.FeedbackSessionCreateRequest,class,3,3,0,3,10,3,0,3,3,0.5714286,0.0,0.0,7,0,7,0,0,0,7,0,0,0,3,0,0,3,0,0,0,0,0,29,3,0,3,0,0,3,0,3,0,3,0,0,0,0,38,1,0
./src/main/java/teammates/ui/output/CourseArchiveData.java,teammates.ui.output.CourseArchiveData,class,1,1,0,1,3,2,0,0,0,0.33333334,0.0,0.0,3,0,3,0,0,0,3,0,0,0,2,0,0,2,0,0,2,0,0,14,2,0,0,0,0,0,0,2,0,2,0,0,0,0,20,1,0
./src/main/java/teammates/ui/request/SendEmailRequest.java,teammates.ui.request.SendEmailRequest,class,2,3,1,2,9,2,0,6,0,0.0,0.0,0.0,3,0,3,0,0,0,3,0,0,0,1,0,0,1,0,0,1,0,0,17,1,0,6,0,0,6,0,1,0,1,0,0,0,0,26,1,0
./src/main/java/teammates/ui/output/JoinLinkData.java,teammates.ui.output.JoinLinkData,class,1,1,0,1,2,2,0,0,0,0.0,0.0,0.0,2,0,2,0,0,0,2,0,0,0,1,0,0,1,0,0,1,0,0,9,1,0,0,0,0,0,0,1,0,1,0,0,0,0,8,1,0
./src/main/java/teammates/ui/output/HasResponsesData.java,teammates.ui.output.HasResponsesData,class,2,2,0,2,4,2,0,0,0,0.25,0.0,0.0,4,0,4,0,0,0,4,0,0,0,2,0,0,2,0,0,2,0,0,18,2,0,0,0,0,0,0,4,0,2,0,0,0,0,39,1,0
